id,function_code,function_answer,time_response
262,call_document,"{""numbers"": 1, ""result"": ""C""}",0.08
1188,call_api,"{
  ""path"": ""/api/v1/dashboard/productivity/NS-026"",
  ""body"": {
    ""fromDate"": ""2025-08-01"",
    ""toDate"": ""2025-08-31""
  }
}",0.0
1263,call_api,"{
  ""path"": ""/api/v1/dashboard/investment-asset/DTTS-023"",
  ""body"": {
    ""fromDate"": ""2025-06-01"",
    ""toDate"": ""2025-11-30"",
    ""type"": """",
    ""lcntOption"": [
      ""1"",
      ""2""
    ],
    ""lcntOptionDoing"": [
      ""1"",
      ""2""
    ],
    ""lcntType"": [
      ""5"",
      ""2"",
      ""1"",
      ""6""
    ],
    ""bidPlanType"": [
      ""1"",
      ""2""
    ],
    ""lcntDomainType"": [
      ""1"",
      ""2"",
      ""5""
    ],
    ""status"": """"
  }
}",0.0
1265,call_api,"{
  ""path"": ""/api/v1/dashboard/investment-asset/DTTS-026"",
  ""body"": {
    ""fromDate"": ""2025-04-01"",
    ""toDate"": ""2025-04-30"",
    ""type"": """",
    ""lcntOption"": ""2"",
    ""lcntOptionDoing"": ""2"",
    ""lcntType"": [
      ""5"",
      ""4"",
      ""2""
    ],
    ""bidPlanType"": ""2"",
    ""lcntDomainType"": [
      ""2"",
      ""4"",
      ""5""
    ],
    ""status"": """"
  }
}",0.0
1014,call_api,"{
  ""path"": ""/api/v1/dashboard/project-performance/PMO-028"",
  ""body"": {
    ""fromDate"": ""2025-09-01"",
    ""toDate"": ""2025-09-30"",
    ""projectType"": [
      ""package""
    ],
    ""projectStatus"": []
  }
}",0.0
1311,call_api,"{
  ""path"": ""/api/v1/dashboard/project-rating/PMO-064"",
  ""body"": {}
}",0.0
116,call_document,"{""numbers"": 1, ""result"": ""A""}",0.05
1253,call_api,"{
  ""path"": ""/api/v1/dashboard/investment-asset/DTTS-006"",
  ""body"": {
    ""fromDate"": ""2025-12-01"",
    ""toDate"": ""2025-12-31"",
    ""assetGroup"": ""Dịch vụ CNTT""
  }
}",0.0
1331,call_api,"{
  ""path"": ""/api/v1/dashboard/charts?code=KD-004"",
  ""body"": {}
}",0.0
1260,call_api,"{
  ""path"": ""/api/v1/dashboard/investment-asset/DTTS-015"",
  ""body"": {
    ""fromDate"": ""2025-12-01"",
    ""toDate"": ""2025-12-31"",
    ""assetGroup"": ""Công cụ dụng cụ""
  }
}",0.0
263,call_document,"{""numbers"": 1, ""result"": ""B""}",0.01
1206,call_api,"{
  ""path"": ""/api/v1/dashboard/training/NS-116"",
  ""body"": {
    ""fromDate"": ""2025-01-01"",
    ""toDate"": ""2025-12-31""
  }
}",0.0
1041,call_api,"{
  ""path"": ""/api/v1/dashboard/defect-rate/cum"",
  ""body"": {
    ""fromDate"": ""2025-11-01"",
    ""toDate"": ""2025-11-30"",
    ""organization"": [
      ""TTPMTCS""
    ],
    ""projectList"": [],
    ""customerList"": """",
    ""projectType"": [],
    ""projectStatus"": [],
    ""sort"": """",
    ""standardComparison"": """"
  }
}",0.0
95,call_document,"{""numbers"": 1, ""result"": ""A""}",0.06
1095,call_api,"{
  ""path"": ""/api/v1/dashboard/leakage-rate/QA-039"",
  ""body"": {
    ""toDate"": ""2025-02-28"",
    ""isCompany"": """",
    ""projectType"": [],
    ""projectStatus"": [],
    ""isAllProject"": """",
    ""isAllCustomer"": """",
    ""standardComparison"": """"
  }
}",0.0
1370,call_api,"{
  ""path"": ""/api/v1/dashboard/business-management/KD-059?summaryDate=2025-05-26&targetCode=DT&cycleType=month=VTIT&targetCode=DT"",
  ""body"": {}
}",0.0
1323,call_api,"{
  ""path"": ""/api/v1/dashboard/project-overview/progress-individual"",
  ""body"": {}
}",0.0
80,call_document,"{""numbers"": 1, ""result"": ""B""}",0.0
107,call_document,"{""numbers"": 1, ""result"": ""A""}",0.05
97,call_document,"{""numbers"": 1, ""result"": ""D""}",0.06
1143,call_api,"{
  ""path"": ""/api/v1/dashboard/recruitment/new-time"",
  ""body"": {
    ""fromDate"": ""2025-01-01"",
    ""toDate"": ""2025-12-31"",
    ""isCompany"": """",
    ""type"": """"
  }
}",0.0
1304,call_api,"{
  ""path"": ""/api/v1/dashboard/project-rating/PMO-062"",
  ""body"": {}
}",0.0
1158,call_api,"{
  ""path"": ""/api/v1/dashboard/business-management/KD-025"",
  ""body"": {
    ""toDate"": ""2025-09-30"",
    ""organization"": []
  }
}",0.0
218,call_document,"{""numbers"": 1, ""result"": ""A""}",0.05
184,call_document,"{""numbers"": 2, ""result"": ""A,D""}",0.0
1283,call_api,"{
  ""path"": ""/api/v1/dashboard/employee-info/NS-001?type=4"",
  ""body"": {}
}",0.0
1107,call_api,"{
  ""path"": ""/api/v1/dashboard/employee-info/dilution-ranking/chart"",
  ""body"": {
    ""fromDate"": ""2025-01-01"",
    ""toDate"": ""2025-03-31"",
    ""organization"": [
      ""TTPMCNM""
    ],
    ""sort"": """"
  }
}",0.0
1010,call_api,"{
  ""path"": ""/api/v1/dashboard/project-performance/PMO-028"",
  ""body"": {
    ""fromDate"": ""2025-08-01"",
    ""toDate"": ""2025-08-31"",
    ""projectType"": [],
    ""projectStatus"": []
  }
}",0.0
226,call_document,"{""numbers"": 2, ""result"": ""A,B""}",0.06
76,call_document,"{""numbers"": 1, ""result"": ""A""}",0.09
1382,call_api,"{
  ""path"": ""/api/v1/dashboard/profitability/TC-036?summaryDate=2025-05-26&organizationCode=VTIT&targetCode=LNG"",
  ""body"": {}
}",0.0
8,call_document,"{""numbers"": 1, ""result"": ""D""}",0.0
145,call_document,"{""numbers"": 1, ""result"": ""B""}",0.06
1250,call_api,"{
  ""path"": ""/api/v1/dashboard/investment-asset/DTTS-003"",
  ""body"": {
    ""fromDate"": ""2025-12-01"",
    ""toDate"": ""2025-12-31"",
    ""type"": """",
    ""assetGroup"": ""Dịch vụ CNTT""
  }
}",0.0
1346,call_api,"{
  ""path"": ""/api/v1/dashboard/charts?code=TC-018"",
  ""body"": {}
}",0.0
1164,call_api,"{
  ""path"": ""/api/v1/dashboard/profitability/TC-012"",
  ""body"": {
    ""fromDate"": ""2025-03-01"",
    ""toDate"": ""2025-03-31"",
    ""type"": """",
    ""organization"": []
  }
}",0.0
1079,call_api,"{
  ""path"": ""/api/v1/dashboard/leakage-rate/QA-030"",
  ""body"": {
    ""toDate"": ""2025-04-30"",
    ""isCompany"": """",
    ""projectType"": [],
    ""projectStatus"": [],
    ""isAllProject"": """",
    ""isAllCustomer"": """",
    ""standardComparison"": """"
  }
}",0.0
172,call_document,"{""numbers"": 1, ""result"": ""B""}",0.05
239,call_document,"{""numbers"": 2, ""result"": ""A,D""}",0.08
228,call_document,"{""numbers"": 1, ""result"": ""A""}",0.05
1319,call_api,"{
  ""path"": ""/api/v1/dashboard/project-overview/PMO-067"",
  ""body"": {}
}",0.0
1310,call_api,"{
  ""path"": ""/api/v1/dashboard/project-rating/PMO-064"",
  ""body"": {}
}",0.0
1282,call_api,"{
  ""path"": ""/api/v1/dashboard/employee-info/NS-001?type=4"",
  ""body"": {}
}",0.0
221,call_document,"{""numbers"": 1, ""result"": ""B""}",0.08
1325,call_api,"{
  ""path"": ""/api/v1/dashboard/project-overview/progress-individual"",
  ""body"": {}
}",0.0
42,call_document,"{""numbers"": 1, ""result"": ""D""}",0.01
155,call_document,"{""numbers"": 1, ""result"": ""A""}",0.0
59,call_document,"{""numbers"": 2, ""result"": ""A,B""}",0.09
113,call_api,"{
  ""path"": ""/api/v1/dashboard/defect-rate/cum"",
  ""body"": {
    ""fromDate"": """",
    ""toDate"": """",
    ""organization"": [],
    ""projectList"": [],
    ""customerList"": """",
    ""projectType"": [],
    ""projectStatus"": [],
    ""sort"": """",
    ""standardComparison"": """"
  }
}",0.0
1352,call_api,"{
  ""path"": ""/api/v1/dashboard/certificate/NS-060-1"",
  ""body"": {}
}",0.0
211,call_document,"{""numbers"": 1, ""result"": ""B""}",0.1
1279,call_api,"{
  ""path"": ""/api/v1/dashboard/employee-info/NS-001?type=1"",
  ""body"": {}
}",0.0
179,call_document,"{""numbers"": 1, ""result"": ""C""}",0.09
1166,call_api,"{
  ""path"": ""/api/v1/dashboard/profitability/TC-013"",
  ""body"": {
    ""toDate"": ""2025-02-28"",
    ""organization"": []
  }
}",0.0
1047,call_api,"{
  ""path"": ""/api/v1/dashboard/defect-rate/norm"",
  ""body"": {
    ""toDate"": ""2025-06-30""
  }
}",0.0
212,call_document,"{""numbers"": 1, ""result"": ""B""}",0.04
1019,call_api,"{
  ""path"": ""/api/v1/dashboard/project-performance/PMO-031"",
  ""body"": {
    ""fromDate"": ""2025-01-01"",
    ""toDate"": ""2025-03-31"",
    ""projectType"": [],
    ""projectStatus"": []
  }
}",0.0
1269,call_api,"{
  ""path"": ""/api/v1/dashboard/investment-asset/DTTS-033"",
  ""body"": {
    ""fromDate"": ""2025-06-01"",
    ""toDate"": ""2025-11-30"",
    ""type"": """",
    ""lcntOption"": [
      ""1"",
      ""2""
    ],
    ""lcntOptionDoing"": [
      ""1"",
      ""2""
    ],
    ""lcntType"": [
      ""5"",
      ""2"",
      ""1"",
      ""6""
    ],
    ""bidPlanType"": [
      ""1"",
      ""2""
    ],
    ""lcntDomainType"": [
      ""1"",
      ""2"",
      ""5""
    ],
    ""status"": """"
  }
}",0.0
1328,call_api,"{
  ""path"": ""/api/v1/dashboard/value-project-type/KD-056"",
  ""body"": {}
}",0.0
1259,call_api,"{
  ""path"": ""/api/v1/dashboard/investment-asset/DTTS-015"",
  ""body"": {
    ""fromDate"": ""2025-12-01"",
    ""toDate"": ""2025-12-31"",
    ""assetGroup"": ""Dịch vụ CNTT""
  }
}",0.0
1285,call_api,"{
  ""path"": ""/api/v1/dashboard/employee-info/NS-001?type=7"",
  ""body"": {}
}",0.0
1362,call_api,"{
  ""path"": ""/api/v1/dashboard/business-management/KD-007?summaryDate=2025-05-26&organizationCode=VTIT&targetCode=DT"",
  ""body"": {}
}",0.0
24,call_document,"{""numbers"": 1, ""result"": ""B""}",0.06
277,call_document,"{""numbers"": 1, ""result"": ""A""}",0.03
1235,call_api,"{
  ""path"": ""/api/v1/dashboard/training/NS-103"",
  ""body"": {
    ""fromDate"": ""2025-06-01"",
    ""toDate"": ""2025-06-30""
  }
}",0.0
1074,call_api,"{
  ""path"": ""/api/v1/dashboard/leakage-rate/QA-028"",
  ""body"": {
    ""fromDate"": ""2025-06-01"",
    ""toDate"": ""2025-06-30"",
    ""organization"": [
      ""TTPMVT""
    ],
    ""projectList"": [],
    ""customerList"": """",
    ""projectType"": [],
    ""projectStatus"": [],
    ""sort"": """",
    ""standardComparison"": """"
  }
}",0.0
1219,call_api,"{
  ""path"": ""/api/v1/dashboard/ra-report/NS-047"",
  ""body"": {
    ""fromDate"": ""2025-11-01"",
    ""toDate"": ""2025-11-30""
  }
}",0.0
1169,call_api,"{
  ""path"": ""/api/v1/dashboard/productivity/NS-016"",
  ""body"": {
    ""fromDate"": ""2024-01-01"",
    ""toDate"": ""2024-03-31""
  }
}",0.0
125,call_document,"{""numbers"": 1, ""result"": ""D""}",0.0
1156,call_api,"{
  ""path"": ""/api/v1/dashboard/business-management/KD-025"",
  ""body"": {
    ""toDate"": ""2025-12-31"",
    ""organization"": [
      ""TTPMVT""
    ]
  }
}",0.0
1292,call_api,"{
  ""path"": ""/api/v1/dashboard/charts?code=PMO-059"",
  ""body"": {}
}",0.0
1115,call_api,"{
  ""path"": ""/api/v1/dashboard/ra-report/total-ra"",
  ""body"": {
    ""dateFilter"": """",
    ""fromDate"": ""2025-12-01"",
    ""toDate"": ""2025-12-31"",
    ""type"": """",
    ""organization"": [
      ""TTPMQT""
    ]
  }
}",0.0
232,call_document,"{""numbers"": 1, ""result"": ""C""}",0.0
14,call_document,"{""numbers"": 1, ""result"": ""A""}",0.0
1254,call_api,"{
  ""path"": ""/api/v1/dashboard/investment-asset/DTTS-006"",
  ""body"": {
    ""fromDate"": ""2025-12-01"",
    ""toDate"": ""2025-12-31"",
    ""assetGroup"": ""Công cụ dụng cụ""
  }
}",0.0
138,call_document,"{""numbers"": 3, ""result"": ""A,C,D""}",0.04
1266,call_api,"{
  ""path"": ""/api/v1/dashboard/investment-asset/DTTS-026"",
  ""body"": {
    ""fromDate"": ""2025-06-01"",
    ""toDate"": ""2025-11-30"",
    ""type"": """",
    ""lcntOption"": [
      ""1"",
      ""2""
    ],
    ""lcntOptionDoing"": [
      ""1"",
      ""2""
    ],
    ""lcntType"": [
      ""5"",
      ""2"",
      ""1"",
      ""6""
    ],
    ""bidPlanType"": [
      ""1"",
      ""2""
    ],
    ""lcntDomainType"": [
      ""1"",
      ""2"",
      ""5""
    ],
    ""status"": """"
  }
}",0.0
1215,call_api,"{
  ""path"": ""/api/v1/dashboard/training/NS-119"",
  ""body"": {
    ""fromDate"": ""2025-05-01"",
    ""toDate"": ""2025-05-31""
  }
}",0.0
1168,call_api,"{
  ""path"": ""/api/v1/dashboard/productivity/NS-015"",
  ""body"": {
    ""fromDate"": ""2025-12-01"",
    ""toDate"": ""2025-12-31"",
    ""type"": """"
  }
}",0.0
23,call_document,"{""numbers"": 1, ""result"": ""A""}",0.0
73,call_api,"{
  ""path"": ""/api/v1/dashboard/leakage-rate/QA-029"",
  ""body"": {
    ""toDate"": """",
    ""isCompany"": """",
    ""projectType"": [],
    ""projectStatus"": [],
    ""isAllProject"": """",
    ""isAllCustomer"": """"
  }
}",0.0
1203,call_api,"{
  ""path"": ""/api/v1/dashboard/training/NS-111"",
  ""body"": {
    ""fromDate"": ""2025-08-01"",
    ""toDate"": ""2025-10-31""
  }
}",0.0
1242,call_api,"{
  ""path"": ""/api/v1/dashboard/training/NS-107"",
  ""body"": {
    ""fromDate"": ""2025-09-01"",
    ""toDate"": ""2025-09-30""
  }
}",0.0
129,call_document,"{""numbers"": 3, ""result"": ""A,B,C""}",0.08
1273,call_api,"{
  ""path"": ""/api/v1/dashboard/investment-asset/DTTS-041"",
  ""body"": {
    ""fromDate"": ""2025-01-01"",
    ""toDate"": ""2025-12-31"",
    ""type"": """",
    ""status"": """"
  }
}",0.0
1355,call_api,"{
  ""path"": ""/api/v1/dashboard/business-management/KD-001?summaryDate=2025-05-26&organizationCode=VTIT&targetCode=DT"",
  ""body"": {}
}",0.0
164,call_api,"{
  ""path"": ""/api/v1/dashboard/charts?code=TC-018"",
  ""body"": {}
}",0.0
1092,call_api,"{
  ""path"": ""/api/v1/dashboard/leakage-rate/QA-039"",
  ""body"": {
    ""toDate"": ""2025-03-31"",
    ""isCompany"": """",
    ""projectType"": [],
    ""projectStatus"": [],
    ""isAllProject"": """",
    ""isAllCustomer"": """",
    ""standardComparison"": """"
  }
}",0.0
106,call_document,"{""numbers"": 3, ""result"": ""B,C,D""}",0.03
1089,call_api,"{
  ""path"": ""/api/v1/dashboard/leakage-rate/QA-037"",
  ""body"": {
    ""toDate"": ""2025-03-31"",
    ""projectType"": [],
    ""projectStatus"": [],
    ""isAllProject"": """",
    ""isAllCustomer"": """",
    ""sort"": """",
    ""standardComparison"": """"
  }
}",0.0
1318,call_api,"{
  ""path"": ""/api/v1/dashboard/project-overview/PMO-067"",
  ""body"": {}
}",0.0
65,call_document,"{""numbers"": 1, ""result"": ""A""}",0.05
252,call_document,"{""numbers"": 1, ""result"": ""A""}",0.06
253,call_document,"{""numbers"": 1, ""result"": ""A""}",0.04
1226,call_api,"{
  ""path"": ""/api/v1/dashboard/certificate/NS-064-2"",
  ""body"": {
    ""fromDate"": ""2025-07-01"",
    ""toDate"": ""2025-09-30""
  }
}",0.0
1197,call_api,"{
  ""path"": ""/api/v1/dashboard/resignation/NS-048"",
  ""body"": {
    ""fromDate"": ""2025-07-01"",
    ""toDate"": ""2025-09-30""
  }
}",0.0
31,call_document,"{""numbers"": 2, ""result"": ""B,D""}",0.08
199,call_document,"{""numbers"": 1, ""result"": ""B""}",0.09
1335,call_api,"{
  ""path"": ""/api/v1/dashboard/profit-after-tax/TC-015"",
  ""body"": {}
}",0.0
1080,call_api,"{
  ""path"": ""/api/v1/dashboard/leakage-rate/QA-030"",
  ""body"": {
    ""toDate"": ""2025-06-30"",
    ""isCompany"": """",
    ""projectType"": [],
    ""projectStatus"": [],
    ""isAllProject"": """",
    ""isAllCustomer"": """",
    ""standardComparison"": """"
  }
}",0.0
126,call_document,"{""numbers"": 1, ""result"": ""C""}",0.0
1034,call_api,"{
  ""path"": ""/api/v1/dashboard/project-performance/PMO-058"",
  ""body"": {
    ""fromDate"": ""2025-10-01"",
    ""toDate"": ""2025-10-31"",
    ""projectType"": [],
    ""projectStatus"": []
  }
}",0.0
217,call_document,"{""numbers"": 1, ""result"": ""A""}",0.07
11,call_document,"{""numbers"": 2, ""result"": ""A,B""}",0.03
1137,call_api,"{
  ""path"": ""/api/v1/dashboard/ra-report/get-sum-free-effort"",
  ""body"": {
    ""fromDate"": ""2025-02-01"",
    ""toDate"": ""2025-07-31"",
    ""organization"": [],
    ""position"": ""BA"",
    ""level"": ""M"",
    ""type"": """",
    ""sort"": """"
  }
}",0.0
1281,call_api,"{
  ""path"": ""/api/v1/dashboard/employee-info/NS-001?type=1"",
  ""body"": {}
}",0.0
1233,call_api,"{
  ""path"": ""/api/v1/dashboard/training/NS-101"",
  ""body"": {
    ""fromDate"": ""2025-05-01"",
    ""toDate"": ""2025-05-31""
  }
}",0.0
1185,call_api,"{
  ""path"": ""/api/v1/dashboard/productivity/NS-025"",
  ""body"": {
    ""fromDate"": ""2025-02-01"",
    ""toDate"": ""2025-02-28"",
    ""type"": """"
  }
}",0.0
1270,call_api,"{
  ""path"": ""/api/v1/dashboard/investment-asset/DTTS-033"",
  ""body"": {
    ""fromDate"": ""2025-01-01"",
    ""toDate"": ""2025-12-31"",
    ""type"": """",
    ""lcntOption"": ""2"",
    ""lcntOptionDoing"": ""2"",
    ""lcntType"": [
      ""5"",
      ""2""
    ],
    ""bidPlanType"": ""2"",
    ""lcntDomainType"": [
      ""2"",
      ""5""
    ],
    ""status"": """"
  }
}",0.0
1008,call_api,"{
  ""path"": ""/api/v1/dashboard/project-rating/PMO-062"",
  ""body"": {}
}",0.0
63,call_document,"{""numbers"": 1, ""result"": ""A""}",0.04
75,call_document,"{""numbers"": 1, ""result"": ""A""}",0.06
279,call_document,"{""numbers"": 1, ""result"": ""A""}",0.08
96,call_document,"{""numbers"": 1, ""result"": ""B""}",0.04
1236,call_api,"{
  ""path"": ""/api/v1/dashboard/training/NS-103"",
  ""body"": {
    ""fromDate"": ""2025-05-01"",
    ""toDate"": ""2025-05-31""
  }
}",0.0
1064,call_api,"{
  ""path"": ""/api/v1/dashboard/defect-rate/all-cum"",
  ""body"": {
    ""toDate"": ""2025-01-31"",
    ""isCompany"": """",
    ""projectType"": [],
    ""projectStatus"": [],
    ""isAllProject"": """",
    ""isAllCustomer"": """",
    ""standardComparison"": """"
  }
}",0.0
163,call_document,"{""numbers"": 1, ""result"": ""B""}",0.01
1287,call_api,"{
  ""path"": ""/api/v1/dashboard/employee-info/NS-001?type=7"",
  ""body"": {}
}",0.0
55,call_document,"{""numbers"": 4, ""result"": ""A,B,C,D""}",0.06
1293,call_api,"{
  ""path"": ""/api/v1/dashboard/charts?code=PMO-059"",
  ""body"": {}
}",0.0
200,call_document,"{""numbers"": 1, ""result"": ""C""}",0.06
1214,call_api,"{
  ""path"": ""/api/v1/dashboard/training/NS-119"",
  ""body"": {
    ""fromDate"": ""2025-04-01"",
    ""toDate"": ""2025-06-30""
  }
}",0.0
1201,call_api,"{
  ""path"": ""/api/v1/dashboard/training/NS-111"",
  ""body"": {
    ""fromDate"": ""2025-01-01"",
    ""toDate"": ""2025-12-31""
  }
}",0.0
1050,call_api,"{
  ""path"": ""/api/v1/dashboard/defect-rate/norm"",
  ""body"": {
    ""toDate"": ""2025-07-31""
  }
}",0.0
66,call_document,"{""numbers"": 1, ""result"": ""C""}",0.05
61,call_document,"{""numbers"": 3, ""result"": ""A,B,C""}",0.03
247,call_document,"{""numbers"": 1, ""result"": ""A""}",0.05
1240,call_api,"{
  ""path"": ""/api/v1/dashboard/training/NS-107"",
  ""body"": {
    ""fromDate"": ""2025-10-01"",
    ""toDate"": ""2025-10-31""
  }
}",0.0
25,call_api,"{
  ""path"": ""/api/v1/dashboard/productivity/NS-015"",
  ""body"": {
    ""fromDate"": """",
    ""toDate"": """",
    ""type"": """"
  }
}",0.0
1103,call_api,"{
  ""path"": ""/api/v1/dashboard/employee-info/organization"",
  ""body"": {
    ""fromDate"": ""2025-09-01"",
    ""toDate"": ""2025-09-30"",
    ""isCompany"": """"
  }
}",0.0
30,call_document,"{""numbers"": 1, ""result"": ""B""}",0.06
1025,call_api,"{
  ""path"": ""/api/v1/dashboard/project-performance/PMO-033"",
  ""body"": {
    ""fromDate"": ""2025-01-01"",
    ""toDate"": ""2025-03-31"",
    ""projectList"": [
      ""12002""
    ],
    ""organization"": [],
    ""projectType"": [],
    ""projectStatus"": []
  }
}",0.0
1181,call_api,"{
  ""path"": ""/api/v1/dashboard/productivity/NS-024"",
  ""body"": {
    ""fromDate"": ""2025-04-01"",
    ""toDate"": ""2025-04-30""
  }
}",0.0
1046,call_api,"{
  ""path"": ""/api/v1/dashboard/defect-rate/norm"",
  ""body"": {
    ""toDate"": ""2025-08-31""
  }
}",0.0
1149,call_api,"{
  ""path"": ""/api/v1/dashboard/recruitment/new-level"",
  ""body"": {
    ""fromDate"": ""2025-02-01"",
    ""toDate"": ""2025-02-28"",
    ""isCompany"": """"
  }
}",0.0
241,call_document,"{""numbers"": 3, ""result"": ""A,C,D""}",0.07
1109,call_api,"{
  ""path"": ""/api/v1/dashboard/employee-info/soc"",
  ""body"": {
    ""fromDate"": ""2025-12-01"",
    ""toDate"": ""2025-12-31"",
    ""isCompany"": """",
    ""sort"": """",
    ""standardComparison"": """"
  }
}",0.0
1225,call_api,"{
  ""path"": ""/api/v1/dashboard/certificate/NS-064-2"",
  ""body"": {
    ""fromDate"": ""2025-12-01"",
    ""toDate"": ""2025-12-31""
  }
}",0.0
1106,call_api,"{
  ""path"": ""/api/v1/dashboard/employee-info/dilution-ranking/chart"",
  ""body"": {
    ""fromDate"": ""2025-06-01"",
    ""toDate"": ""2025-06-30"",
    ""organization"": [
      ""TTPMVT""
    ],
    ""sort"": """"
  }
}",0.0
79,call_document,"{""numbers"": 1, ""result"": ""A""}",0.0
282,call_document,"{""numbers"": 3, ""result"": ""A,B,D""}",0.05
1354,call_api,"{
  ""path"": ""/api/v1/dashboard/certificate/NS-060-1"",
  ""body"": {}
}",0.0
1,call_document,"{""numbers"": 2, ""result"": ""B,C""}",0.05
1234,call_api,"{
  ""path"": ""/api/v1/dashboard/training/NS-103"",
  ""body"": {
    ""fromDate"": ""2025-01-01"",
    ""toDate"": ""2025-12-31""
  }
}",0.0
1213,call_api,"{
  ""path"": ""/api/v1/dashboard/training/NS-119"",
  ""body"": {
    ""fromDate"": ""2025-01-01"",
    ""toDate"": ""2025-12-31""
  }
}",0.0
1252,call_api,"{
  ""path"": ""/api/v1/dashboard/investment-asset/DTTS-006"",
  ""body"": {
    ""fromDate"": ""2025-01-01"",
    ""toDate"": ""2025-12-31"",
    ""assetGroup"": []
  }
}",0.0
1327,call_api,"{
  ""path"": ""/api/v1/dashboard/value-project-type/KD-056"",
  ""body"": {}
}",0.0
1221,call_api,"{
  ""path"": ""/api/v1/dashboard/ra-report/NS-047"",
  ""body"": {
    ""fromDate"": ""2025-04-01"",
    ""toDate"": ""2025-06-30""
  }
}",0.0
77,call_document,"{""numbers"": 1, ""result"": ""B""}",0.05
1002,call_api,"{
  ""path"": ""/api/v1/dashboard/defect-rate/project"",
  ""body"": {
    ""toDate"": ""2025-03-31"",
    ""projectType"": [
      ""package""
    ],
    ""projectStatus"": [],
    ""isAllProject"": """",
    ""isAllCustomer"": """",
    ""standardComparison"": """"
  }
}",0.0
1113,call_api,"{
  ""path"": ""/api/v1/dashboard/ra-report/total-ra"",
  ""body"": {
    ""dateFilter"": """",
    ""fromDate"": ""2025-01-01"",
    ""toDate"": ""2025-03-31"",
    ""type"": """",
    ""organization"": [
      ""TTPMQT""
    ]
  }
}",0.0
245,call_document,"{""numbers"": 4, ""result"": ""A,B,C,D""}",0.01
1212,call_api,"{
  ""path"": ""/api/v1/dashboard/training/NS-118"",
  ""body"": {
    ""fromDate"": ""2025-01-01"",
    ""toDate"": ""2025-12-31""
  }
}",0.0
1179,call_api,"{
  ""path"": ""/api/v1/dashboard/productivity/NS-023"",
  ""body"": {
    ""fromDate"": ""2025-04-01"",
    ""toDate"": ""2025-06-30"",
    ""type"": """"
  }
}",0.0
19,call_document,"{""numbers"": 1, ""result"": ""A""}",0.06
141,call_document,"{""numbers"": 1, ""result"": ""D""}",0.0
1192,call_api,"{
  ""path"": ""/api/v1/dashboard/ra-report/NS-045"",
  ""body"": {
    ""fromDate"": ""2025-12-01"",
    ""toDate"": ""2025-12-31""
  }
}",0.0
1334,call_api,"{
  ""path"": ""/api/v1/dashboard/charts?code=TC-004"",
  ""body"": {}
}",0.0
1174,call_api,"{
  ""path"": ""/api/v1/dashboard/productivity/NS-017"",
  ""body"": {
    ""fromDate"": ""2025-07-01"",
    ""toDate"": ""2025-09-30"",
    ""type"": """"
  }
}",0.0
1055,call_api,"{
  ""path"": ""/api/v1/dashboard/defect-rate/trend"",
  ""body"": {
    ""fromDate"": ""2025-01-01"",
    ""toDate"": ""2025-09-30"",
    ""projectType"": [],
    ""projectStatus"": [],
    ""isAllProject"": """",
    ""isAllCustomer"": """",
    ""standardComparison"": """"
  }
}",0.0
1228,call_api,"{
  ""path"": ""/api/v1/dashboard/training/NS-099"",
  ""body"": {
    ""fromDate"": ""2025-12-01"",
    ""toDate"": ""2025-12-31""
  }
}",0.0
1044,call_api,"{
  ""path"": ""/api/v1/dashboard/defect-rate/prev"",
  ""body"": {
    ""fromDate"": ""2025-09-01"",
    ""toDate"": ""2025-09-30"",
    ""organization"": [
      ""TTPMCNM""
    ],
    ""projectList"": [],
    ""customerList"": """",
    ""projectType"": [],
    ""projectStatus"": [],
    ""sort"": """",
    ""standardComparison"": """"
  }
}",0.0
37,call_document,"{""numbers"": 1, ""result"": ""B""}",0.04
265,call_document,"{""numbers"": 1, ""result"": ""C""}",0.07
1295,call_api,"{
  ""path"": ""/api/v1/dashboard/charts?code=PMO-060"",
  ""body"": {}
}",0.0
1312,call_api,"{
  ""path"": ""/api/v1/dashboard/project-overview/PMO-016"",
  ""body"": {}
}",0.0
1360,call_api,"{
  ""path"": ""/api/v1/dashboard/business-management/KD-002?summaryDate=2025-05-26&organizationCode=VTIT&targetCode=DT"",
  ""body"": {}
}",0.0
1142,call_api,"{
  ""path"": ""/api/v1/dashboard/recruitment/new-time"",
  ""body"": {
    ""fromDate"": ""2025-10-01"",
    ""toDate"": ""2025-10-31"",
    ""isCompany"": """",
    ""type"": """"
  }
}",0.0
2,call_document,"{""numbers"": 3, ""result"": ""B,C,D""}",0.04
194,call_document,"{""numbers"": 1, ""result"": ""B""}",0.05
41,call_document,"{""numbers"": 3, ""result"": ""A,B,C""}",0.06
35,call_document,"{""numbers"": 1, ""result"": ""A""}",0.07
219,call_document,"{""numbers"": 3, ""result"": ""A,C,D""}",0.04
260,call_document,"{""numbers"": 1, ""result"": ""A""}",0.05
1124,call_api,"{
  ""path"": ""/api/v1/dashboard/ra-report/total-ru"",
  ""body"": {
    ""fromDate"": ""2025-10-01"",
    ""toDate"": ""2025-12-31"",
    ""organization"": [
      ""TTPMTCS""
    ],
    ""position"": ""PM"",
    ""level"": [
      ""M"",
      ""S""
    ],
    ""type"": """",
    ""sort"": """"
  }
}",0.0
128,call_document,"{""numbers"": 1, ""result"": ""A""}",0.05
46,call_document,"{""numbers"": 4, ""result"": ""A,B,C,D""}",0.01
39,call_document,"{""numbers"": 1, ""result"": ""B""}",0.06
1324,call_api,"{
  ""path"": ""/api/v1/dashboard/project-overview/progress-individual"",
  ""body"": {}
}",0.0
139,call_api,"{
  ""path"": ""/api/v1/dashboard/productivity/NS-015"",
  ""body"": {
    ""fromDate"": """",
    ""toDate"": """",
    ""type"": """"
  }
}",0.0
156,call_document,"{""numbers"": 2, ""result"": ""B,C""}",0.0
83,call_document,"{""numbers"": 1, ""result"": ""C""}",0.0
1121,call_api,"{
  ""path"": ""/api/v1/dashboard/ra-report/get-compare-ru"",
  ""body"": {
    ""fromDate"": ""2025-05-01"",
    ""toDate"": ""2025-05-31"",
    ""organization"": [
      ""TTPMQT""
    ],
    ""position"": [
      ""BA"",
      ""PM""
    ],
    ""level"": [
      ""M"",
      ""S""
    ],
    ""type"": """",
    ""sort"": """"
  }
}",0.0
49,call_document,"{""numbers"": 1, ""result"": ""A""}",0.06
85,call_api,"{
  ""path"": ""/api/v1/dashboard/defect-rate/cum"",
  ""body"": {
    ""fromDate"": """",
    ""toDate"": """",
    ""organization"": [],
    ""projectList"": [],
    ""customerList"": """",
    ""projectType"": [],
    ""projectStatus"": [],
    ""sort"": """",
    ""standardComparison"": """"
  }
}",0.0
158,call_document,"{""numbers"": 1, ""result"": ""A""}",0.04
1375,call_api,"{
  ""path"": ""/api/v1/dashboard/business-management/KD-017?summaryDate=2025-05-06&organizationCode=VTIT&targetCode=DT"",
  ""body"": {}
}",0.0
1157,call_api,"{
  ""path"": ""/api/v1/dashboard/business-management/KD-025"",
  ""body"": {
    ""toDate"": ""2025-05-31"",
    ""organization"": [
      ""TTPMQT""
    ]
  }
}",0.0
1028,call_api,"{
  ""path"": ""/api/v1/dashboard/project-performance/PMO-038"",
  ""body"": {
    ""toDate"": ""2025-04-30"",
    ""projectType"": [],
    ""projectStatus"": []
  }
}",0.0
34,call_document,"{""numbers"": 1, ""result"": ""C""}",0.04
193,call_document,"{""numbers"": 1, ""result"": ""A""}",0.0
1317,call_api,"{
  ""path"": ""/api/v1/dashboard/project-overview/PMO-066"",
  ""body"": {}
}",0.0
1289,call_api,"{
  ""path"": ""/api/v1/dashboard/charts?code=PMO-014"",
  ""body"": {}
}",0.0
1091,call_api,"{
  ""path"": ""/api/v1/dashboard/leakage-rate/QA-039"",
  ""body"": {
    ""toDate"": ""2025-02-28"",
    ""isCompany"": """",
    ""projectType"": [],
    ""projectStatus"": [],
    ""isAllProject"": """",
    ""isAllCustomer"": """",
    ""standardComparison"": """"
  }
}",0.0
255,call_document,"{""numbers"": 1, ""result"": ""A""}",0.06
44,call_document,"{""numbers"": 1, ""result"": ""C""}",0.05
185,call_document,"{""numbers"": 1, ""result"": ""A""}",0.06
1098,call_api,"{
  ""path"": ""/api/v1/dashboard/employee-info/gender"",
  ""body"": {
    ""fromDate"": ""2025-01-01"",
    ""toDate"": ""2025-01-31"",
    ""isCompany"": """"
  }
}",0.0
1173,call_api,"{
  ""path"": ""/api/v1/dashboard/productivity/NS-015"",
  ""body"": {
    ""fromDate"": ""2025-12-01"",
    ""toDate"": ""2025-12-31"",
    ""type"": """"
  }
}",0.0
1369,call_api,"{
  ""path"": ""/api/v1/dashboard/business-management/KD-061?summaryDate=2025-05-26&organizationCode=VTIT&targetCode=DT"",
  ""body"": {}
}",0.0
1303,call_api,"{
  ""path"": ""/api/v1/dashboard/project-rating/PMO-062"",
  ""body"": {}
}",0.0
1320,call_api,"{
  ""path"": ""/api/v1/dashboard/project-overview/progress-project"",
  ""body"": {}
}",0.0
1088,call_api,"{
  ""path"": ""/api/v1/dashboard/leakage-rate/QA-037"",
  ""body"": {
    ""toDate"": ""2025-01-31"",
    ""projectType"": [],
    ""projectStatus"": [],
    ""isAllProject"": """",
    ""isAllCustomer"": """",
    ""sort"": """",
    ""standardComparison"": """"
  }
}",0.0
92,call_document,"{""numbers"": 4, ""result"": ""A,B,C,D""}",0.0
1377,call_api,"{
  ""path"": ""/api/v1/dashboard/business-management/KD-017?summaryDate=2025-05-06&organizationCode=VTIT&targetCode=DT"",
  ""body"": {}
}",0.0
1353,call_api,"{
  ""path"": ""/api/v1/dashboard/certificate/NS-060-1"",
  ""body"": {}
}",0.0
127,call_api,"{
  ""path"": ""/api/v1/dashboard/leakage-rate/QA-029"",
  ""body"": {
    ""toDate"": """",
    ""isCompany"": """",
    ""projectType"": [],
    ""projectStatus"": [],
    ""isAllProject"": """",
    ""isAllCustomer"": """"
  }
}",0.0
161,call_document,"{""numbers"": 1, ""result"": ""C""}",0.11
1170,call_api,"{
  ""path"": ""/api/v1/dashboard/productivity/NS-016"",
  ""body"": {
    ""fromDate"": """",
    ""toDate"": """"
  }
}",0.0
181,call_document,"{""numbers"": 2, ""result"": ""A,C""}",0.05
69,call_document,"{""numbers"": 1, ""result"": ""C""}",0.05
40,call_document,"{""numbers"": 3, ""result"": ""A,B,D""}",0.04
258,call_document,"{""numbers"": 2, ""result"": ""A,D""}",0.04
1313,call_api,"{
  ""path"": ""/api/v1/dashboard/project-overview/PMO-016"",
  ""body"": {}
}",0.0
210,call_document,"{""numbers"": 1, ""result"": ""A""}",0.0
135,call_document,"{""numbers"": 1, ""result"": ""C""}",0.1
154,call_document,"{""numbers"": 1, ""result"": ""B""}",0.1
1268,call_api,"{
  ""path"": ""/api/v1/dashboard/investment-asset/DTTS-032"",
  ""body"": {
    ""fromDate"": ""2025-04-01"",
    ""toDate"": ""2025-04-30"",
    ""type"": """",
    ""lcntOption"": ""2"",
    ""lcntOptionDoing"": ""2"",
    ""lcntType"": [
      ""5"",
      ""4"",
      ""2""
    ],
    ""bidPlanType"": ""2"",
    ""lcntDomainType"": [
      ""2"",
      ""4"",
      ""5""
    ],
    ""status"": """"
  }
}",0.0
1150,call_api,"{
  ""path"": ""/api/v1/dashboard/business-management/KD-009"",
  ""body"": {
    ""organization"": [
      ""TTPMVT""
    ],
    ""toDate"": ""2025-07-31""
  }
}",0.0
1256,call_api,"{
  ""path"": ""/api/v1/dashboard/investment-asset/DTTS-009"",
  ""body"": {
    ""fromDate"": ""2025-12-01"",
    ""toDate"": ""2025-12-31"",
    ""assetGroup"": ""Dịch vụ CNTT""
  }
}",0.0
1237,call_api,"{
  ""path"": ""/api/v1/dashboard/training/NS-104"",
  ""body"": {
    ""fromDate"": ""2025-07-01"",
    ""toDate"": ""2025-07-31""
  }
}",0.0
1246,call_api,"{
  ""path"": ""/api/v1/dashboard/training/NS-122"",
  ""body"": {
    ""fromDate"": ""2025-06-01"",
    ""toDate"": ""2025-06-30""
  }
}",0.0
1125,call_api,"{
  ""path"": ""/api/v1/dashboard/ra-report/total-ru"",
  ""body"": {
    ""fromDate"": ""2025-01-01"",
    ""toDate"": ""2025-03-31"",
    ""organization"": [],
    ""position"": [],
    ""level"": [],
    ""type"": """",
    ""sort"": """"
  }
}",0.0
1372,call_api,"{
  ""path"": ""/api/v1/dashboard/business-management/KD-059?summaryDate=2025-05-26&targetCode=DT&cycleType=month=VTIT&targetCode=DT"",
  ""body"": {}
}",0.0
68,call_document,"{""numbers"": 1, ""result"": ""A""}",0.0
1231,call_api,"{
  ""path"": ""/api/v1/dashboard/training/NS-101"",
  ""body"": {
    ""fromDate"": ""2025-01-01"",
    ""toDate"": ""2025-12-31""
  }
}",0.0
216,call_document,"{""numbers"": 1, ""result"": ""A""}",0.08
54,call_document,"{""numbers"": 2, ""result"": ""A,C""}",0.07
261,call_document,"{""numbers"": 2, ""result"": ""A,D""}",0.06
1365,call_api,"{
  ""path"": ""/api/v1/dashboard/business-management/KD-010?summaryDate=2025-05-26&organizationCode=VTIT&targetCode=DT"",
  ""body"": {}
}",0.0
51,call_document,"{""numbers"": 1, ""result"": ""A""}",0.06
20,call_document,"{""numbers"": 1, ""result"": ""C""}",0.0
1152,call_api,"{
  ""path"": ""/api/v1/dashboard/project-performance/PMO-058"",
  ""body"": {
    ""fromDate"": ""2025-01-01"",
    ""toDate"": ""2025-01-31"",
    ""projectType"": [],
    ""projectStatus"": []
  }
}",0.0
249,call_document,"{""numbers"": 2, ""result"": ""A,D""}",0.0
1357,call_api,"{
  ""path"": ""/api/v1/dashboard/business-management/KD-001?summaryDate=2025-05-26&organizationCode=VTIT&targetCode=DT"",
  ""body"": {}
}",0.0
72,call_document,"{""numbers"": 1, ""result"": ""D""}",0.06
6,call_document,"{""numbers"": 4, ""result"": ""A,B,C,D""}",0.07
111,call_document,"{""numbers"": 1, ""result"": ""A""}",0.0
189,call_document,"{""numbers"": 2, ""result"": ""C,D""}",0.02
152,call_document,"{""numbers"": 1, ""result"": ""A""}",0.07
1076,call_api,"{
  ""path"": ""/api/v1/dashboard/leakage-rate/QA-029"",
  ""body"": {
    ""toDate"": ""2025-02-28"",
    ""isCompany"": """",
    ""projectType"": [],
    ""projectStatus"": [],
    ""isAllProject"": """",
    ""isAllCustomer"": """"
  }
}",0.0
133,call_document,"{""numbers"": 1, ""result"": ""C""}",0.04
1100,call_api,"{
  ""path"": ""/api/v1/dashboard/employee-info/level"",
  ""body"": {
    ""fromDate"": ""2025-02-01"",
    ""toDate"": ""2025-02-28"",
    ""isCompany"": """"
  }
}",0.0
70,call_document,"{""numbers"": 1, ""result"": ""A""}",0.06
1040,call_api,"{
  ""path"": ""/api/v1/dashboard/defect-rate/prev"",
  ""body"": {
    ""fromDate"": ""2025-05-01"",
    ""toDate"": ""2025-05-31"",
    ""organization"": [
      ""TTPMVT""
    ],
    ""projectList"": [],
    ""customerList"": """",
    ""projectType"": [],
    ""projectStatus"": [],
    ""sort"": """",
    ""standardComparison"": """"
  }
}",0.0
1180,call_api,"{
  ""path"": ""/api/v1/dashboard/productivity/NS-024"",
  ""body"": {
    ""fromDate"": ""2025-12-01"",
    ""toDate"": ""2025-12-31""
  }
}",0.0
58,call_document,"{""numbers"": 1, ""result"": ""C""}",0.04
1351,call_api,"{
  ""path"": ""/api/v1/dashboard/productivity/NS-018"",
  ""body"": {}
}",0.0
33,call_api,"{
  ""path"": ""/api/v1/dashboard/employee-info/organization"",
  ""body"": {
    ""fromDate"": """",
    ""toDate"": """",
    ""isCompany"": """"
  }
}",0.0
1190,call_api,"{
  ""path"": ""/api/v1/dashboard/ra-report/NS-039"",
  ""body"": {
    ""fromDate"": ""2025-01-01"",
    ""toDate"": ""2025-03-31"",
    ""organization"": [
      ""TTPMQT""
    ]
  }
}",0.0
1127,call_api,"{
  ""path"": ""/api/v1/dashboard/ra-report/free-ru"",
  ""body"": {
    ""fromDate"": ""2025-03-01"",
    ""toDate"": ""2025-03-31"",
    ""type"": """",
    ""organization"": [
      ""TTPMVT""
    ],
    ""sort"": """"
  }
}",0.0
1163,call_api,"{
  ""path"": ""/api/v1/dashboard/profitability/TC-012"",
  ""body"": {
    ""fromDate"": ""2025-02-01"",
    ""toDate"": ""2025-02-28"",
    ""type"": """",
    ""organization"": []
  }
}",0.0
1053,call_api,"{
  ""path"": ""/api/v1/dashboard/defect-rate/project"",
  ""body"": {
    ""toDate"": ""2025-03-31"",
    ""projectType"": [
      ""T&M""
    ],
    ""projectStatus"": [],
    ""isAllProject"": """",
    ""isAllCustomer"": """",
    ""standardComparison"": """"
  }
}",0.0
1023,call_api,"{
  ""path"": ""/api/v1/dashboard/project-performance/PMO-032"",
  ""body"": {
    ""fromDate"": ""2025-01-01"",
    ""toDate"": ""2025-01-31"",
    ""projectType"": [],
    ""projectStatus"": []
  }
}",0.0
1224,call_api,"{
  ""path"": ""/api/v1/dashboard/certificate/NS-064-1"",
  ""body"": {
    ""fromDate"": ""2025-07-01"",
    ""toDate"": ""2025-09-30""
  }
}",0.0
1140,call_api,"{
  ""path"": ""/api/v1/dashboard/recruitment/new-time"",
  ""body"": {
    ""fromDate"": ""2025-01-01"",
    ""toDate"": ""2025-01-31"",
    ""isCompany"": """",
    ""type"": """"
  }
}",0.0
174,call_document,"{""numbers"": 1, ""result"": ""A""}",0.09
275,call_document,"{""numbers"": 1, ""result"": ""B""}",0.05
144,call_document,"{""numbers"": 1, ""result"": ""A""}",0.04
1146,call_api,"{
  ""path"": ""/api/v1/dashboard/recruitment/new-role"",
  ""body"": {
    ""fromDate"": ""2025-02-01"",
    ""toDate"": ""2025-02-28"",
    ""isCompany"": """"
  }
}",0.0
1361,call_api,"{
  ""path"": ""/api/v1/dashboard/business-management/KD-007?summaryDate=2025-05-26&organizationCode=VTIT&targetCode=DT"",
  ""body"": {}
}",0.0
1380,call_api,"{
  ""path"": ""/api/v1/dashboard/profitability/TC-032?summaryDate=2025-05-26&organizationCode=VTIT&targetCode=LNG"",
  ""body"": {}
}",0.0
1345,call_api,"{
  ""path"": ""/api/v1/dashboard/charts?code=TC-018"",
  ""body"": {}
}",0.0
1264,call_api,"{
  ""path"": ""/api/v1/dashboard/investment-asset/DTTS-026"",
  ""body"": {
    ""fromDate"": ""2025-01-01"",
    ""toDate"": ""2025-12-31"",
    ""type"": """",
    ""lcntOption"": ""2"",
    ""lcntOptionDoing"": ""2"",
    ""lcntType"": [
      ""5"",
      ""2""
    ],
    ""bidPlanType"": ""2"",
    ""lcntDomainType"": [
      ""2"",
      ""5""
    ],
    ""status"": """"
  }
}",0.0
205,call_document,"{""numbers"": 1, ""result"": ""C""}",0.0
88,call_api,"{
  ""path"": ""/api/v1/dashboard/defect-rate/cum"",
  ""body"": {
    ""fromDate"": """",
    ""toDate"": """",
    ""organization"": [],
    ""projectList"": [],
    ""customerList"": """",
    ""projectType"": [],
    ""projectStatus"": [],
    ""sort"": """",
    ""standardComparison"": """"
  }
}",0.0
1316,call_api,"{
  ""path"": ""/api/v1/dashboard/project-overview/PMO-066"",
  ""body"": {}
}",0.0
1136,call_api,"{
  ""path"": ""/api/v1/dashboard/ra-report/get-sum-free-effort"",
  ""body"": {
    ""fromDate"": ""2025-01-01"",
    ""toDate"": ""2025-06-30"",
    ""organization"": [],
    ""position"": [
      ""DEV"",
      ""BA""
    ],
    ""level"": ""M"",
    ""type"": """",
    ""sort"": """"
  }
}",0.0
276,call_document,"{""numbers"": 1, ""result"": ""B""}",0.05
1255,call_api,"{
  ""path"": ""/api/v1/dashboard/investment-asset/DTTS-009"",
  ""body"": {
    ""fromDate"": ""2025-01-01"",
    ""toDate"": ""2025-12-31"",
    ""assetGroup"": []
  }
}",0.0
1366,call_api,"{
  ""path"": ""/api/v1/dashboard/business-management/KD-061?summaryDate=2025-05-26&organizationCode=VTIT&targetCode=DT"",
  ""body"": {}
}",0.0
1223,call_api,"{
  ""path"": ""/api/v1/dashboard/certificate/NS-064-1"",
  ""body"": {
    ""fromDate"": ""2025-02-01"",
    ""toDate"": ""2025-02-28""
  }
}",0.0
214,call_document,"{""numbers"": 1, ""result"": ""A""}",0.01
1373,call_api,"{
  ""path"": ""/api/v1/dashboard/business-management/KD-017?summaryDate=2025-05-06&organizationCode=VTIT&targetCode=DT"",
  ""body"": {}
}",0.0
1128,call_api,"{
  ""path"": ""/api/v1/dashboard/ra-report/free-ru"",
  ""body"": {
    ""fromDate"": ""2025-07-01"",
    ""toDate"": ""2025-07-31"",
    ""type"": """",
    ""organization"": [
      ""TTPMQT""
    ],
    ""sort"": """"
  }
}",0.0
250,call_document,"{""numbers"": 3, ""result"": ""A,B,C""}",0.07
45,call_document,"{""numbers"": 4, ""result"": ""A,B,C,D""}",0.03
1122,call_api,"{
  ""path"": ""/api/v1/dashboard/ra-report/get-compare-ru"",
  ""body"": {
    ""fromDate"": ""2025-01-01"",
    ""toDate"": ""2025-03-31"",
    ""organization"": [
      ""TTPMCNM""
    ],
    ""position"": [
      ""BA"",
      ""PM""
    ],
    ""level"": [
      ""M"",
      ""S""
    ],
    ""type"": """",
    ""sort"": """"
  }
}",0.0
1301,call_api,"{
  ""path"": ""/api/v1/dashboard/project-rating/PMO-015"",
  ""body"": {}
}",0.0
1379,call_api,"{
  ""path"": ""/api/v1/dashboard/profitability/TC-032?summaryDate=2025-05-26&organizationCode=VTIT&targetCode=LNG"",
  ""body"": {}
}",0.0
1085,call_api,"{
  ""path"": ""/api/v1/dashboard/leakage-rate/QA-035"",
  ""body"": {
    ""fromDate"": ""2025-02-01"",
    ""toDate"": ""2025-02-28"",
    ""projectType"": [],
    ""projectStatus"": [],
    ""isAllProject"": """",
    ""isAllCustomer"": """",
    ""standardComparison"": """"
  }
}",0.0
257,call_document,"{""numbers"": 2, ""result"": ""A,D""}",0.06
117,call_document,"{""numbers"": 1, ""result"": ""B""}",0.05
132,call_document,"{""numbers"": 2, ""result"": ""A,B""}",0.07
1183,call_api,"{
  ""path"": ""/api/v1/dashboard/productivity/NS-025"",
  ""body"": {
    ""fromDate"": ""2025-12-01"",
    ""toDate"": ""2025-12-31"",
    ""type"": """"
  }
}",0.0
1112,call_api,"{
  ""path"": ""/api/v1/dashboard/ra-report/total-ra"",
  ""body"": {
    ""dateFilter"": """",
    ""fromDate"": ""2025-04-01"",
    ""toDate"": ""2025-06-30"",
    ""type"": """",
    ""organization"": [
      ""TTPMVT""
    ]
  }
}",0.0
147,call_document,"{""numbers"": 1, ""result"": ""D""}",0.0
1153,call_api,"{
  ""path"": ""/api/v1/dashboard/business-management/KD-016"",
  ""body"": {
    ""toDate"": ""2025-12-31"",
    ""organization"": [
      ""TTPMVT""
    ]
  }
}",0.0
208,call_document,"{""numbers"": 1, ""result"": ""B""}",0.04
1175,call_api,"{
  ""path"": ""/api/v1/dashboard/productivity/NS-025"",
  ""body"": {
    ""fromDate"": ""2025-12-01"",
    ""toDate"": ""2025-12-31"",
    ""type"": """"
  }
}",0.0
233,call_document,"{""numbers"": 1, ""result"": ""B""}",0.0
27,call_document,"{""numbers"": 1, ""result"": ""B""}",0.0
1267,call_api,"{
  ""path"": ""/api/v1/dashboard/investment-asset/DTTS-032"",
  ""body"": {
    ""fromDate"": ""2025-01-01"",
    ""toDate"": ""2025-12-31"",
    ""type"": """",
    ""lcntOption"": ""2"",
    ""lcntOptionDoing"": ""2"",
    ""lcntType"": [
      ""5"",
      ""2""
    ],
    ""bidPlanType"": ""2"",
    ""lcntDomainType"": [
      ""2"",
      ""5""
    ],
    ""status"": """"
  }
}",0.0
223,call_document,"{""numbers"": 1, ""result"": ""A""}",0.05
1271,call_api,"{
  ""path"": ""/api/v1/dashboard/investment-asset/DTTS-033"",
  ""body"": {
    ""fromDate"": ""2025-04-01"",
    ""toDate"": ""2025-04-30"",
    ""type"": """",
    ""lcntOption"": ""2"",
    ""lcntOptionDoing"": ""2"",
    ""lcntType"": [
      ""5"",
      ""4"",
      ""2""
    ],
    ""bidPlanType"": ""2"",
    ""lcntDomainType"": [
      ""2"",
      ""4"",
      ""5""
    ],
    ""status"": """"
  }
}",0.0
1104,call_api,"{
  ""path"": ""/api/v1/dashboard/employee-info/organization"",
  ""body"": {
    ""fromDate"": ""2025-04-01"",
    ""toDate"": ""2025-06-30"",
    ""isCompany"": """"
  }
}",0.0
1299,call_api,"{
  ""path"": ""/api/v1/dashboard/charts?code=PMO-061"",
  ""body"": {}
}",0.0
1384,call_api,"{
  ""path"": ""/api/v1/dashboard/profitability/TC-036?summaryDate=2025-05-26&organizationCode=VTIT&targetCode=LNG"",
  ""body"": {}
}",0.0
1332,call_api,"{
  ""path"": ""/api/v1/dashboard/charts?code=TC-004"",
  ""body"": {}
}",0.0
1326,call_api,"{
  ""path"": ""/api/v1/dashboard/value-project-type/KD-056"",
  ""body"": {}
}",0.0
1086,call_api,"{
  ""path"": ""/api/v1/dashboard/leakage-rate/QA-035"",
  ""body"": {
    ""fromDate"": ""2025-06-01"",
    ""toDate"": ""2025-06-30"",
    ""projectType"": [],
    ""projectStatus"": [],
    ""isAllProject"": """",
    ""isAllCustomer"": """",
    ""standardComparison"": """"
  }
}",0.0
1359,call_api,"{
  ""path"": ""/api/v1/dashboard/business-management/KD-002?summaryDate=2025-05-26&organizationCode=VTIT&targetCode=DT"",
  ""body"": {}
}",0.0
1220,call_api,"{
  ""path"": ""/api/v1/dashboard/ra-report/NS-047"",
  ""body"": {
    ""fromDate"": ""2025-02-01"",
    ""toDate"": ""2025-02-28""
  }
}",0.0
1245,call_api,"{
  ""path"": ""/api/v1/dashboard/training/NS-120"",
  ""body"": {
    ""fromDate"": ""2025-01-01"",
    ""toDate"": ""2025-03-31""
  }
}",0.0
1199,call_api,"{
  ""path"": ""/api/v1/dashboard/resignation/NS-050"",
  ""body"": {
    ""fromDate"": ""2025-08-01"",
    ""toDate"": ""2025-08-31""
  }
}",0.0
1358,call_api,"{
  ""path"": ""/api/v1/dashboard/business-management/KD-002?summaryDate=2025-05-26&organizationCode=VTIT&targetCode=DT"",
  ""body"": {}
}",0.0
1298,call_api,"{
  ""path"": ""/api/v1/dashboard/charts?code=PMO-061"",
  ""body"": {}
}",0.0
62,call_document,"{""numbers"": 1, ""result"": ""C""}",0.05
1097,call_api,"{
  ""path"": ""/api/v1/dashboard/employee-info/gender"",
  ""body"": {
    ""fromDate"": ""2025-03-01"",
    ""toDate"": ""2025-03-31"",
    ""isCompany"": """"
  }
}",0.0
1305,call_api,"{
  ""path"": ""/api/v1/dashboard/project-rating/PMO-062"",
  ""body"": {}
}",0.0
1208,call_api,"{
  ""path"": ""/api/v1/dashboard/training/NS-117"",
  ""body"": {
    ""fromDate"": ""2025-04-01"",
    ""toDate"": ""2025-06-30""
  }
}",0.0
280,call_document,"{""numbers"": 2, ""result"": ""A,C""}",0.06
1258,call_api,"{
  ""path"": ""/api/v1/dashboard/investment-asset/DTTS-015"",
  ""body"": {
    ""fromDate"": ""2025-01-01"",
    ""toDate"": ""2025-12-31"",
    ""assetGroup"": []
  }
}",0.0
170,call_document,"{""numbers"": 1, ""result"": ""B""}",0.04
130,call_document,"{""numbers"": 4, ""result"": ""A,B,C,D""}",0.06
78,call_document,"{""numbers"": 1, ""result"": ""B""}",0.05
1349,call_api,"{
  ""path"": ""/api/v1/dashboard/investment-asset/DTTS-019"",
  ""body"": {}
}",0.0
1160,call_api,"{
  ""path"": ""/api/v1/dashboard/profitability/TC-011"",
  ""body"": {
    ""toDate"": ""2025-05-31"",
    ""organization"": []
  }
}",0.0
1071,call_api,"{
  ""path"": ""/api/v1/dashboard/leakage-rate/QA-028"",
  ""body"": {
    ""fromDate"": ""2025-02-01"",
    ""toDate"": ""2025-02-28"",
    ""organization"": [
      ""TTPMTCS""
    ],
    ""projectList"": [],
    ""customerList"": """",
    ""projectType"": [],
    ""projectStatus"": [],
    ""sort"": """",
    ""standardComparison"": """"
  }
}",0.0
108,call_document,"{""numbers"": 1, ""result"": ""A""}",0.05
235,call_document,"{""numbers"": 1, ""result"": ""D""}",0.0
7,call_document,"{""numbers"": 1, ""result"": ""A""}",0.0
195,call_document,"{""numbers"": 1, ""result"": ""C""}",0.0
82,call_document,"{""numbers"": 1, ""result"": ""B""}",0.01
1189,call_api,"{
  ""path"": ""/api/v1/dashboard/ra-report/NS-039"",
  ""body"": {
    ""fromDate"": ""2025-07-01"",
    ""toDate"": ""2025-07-31"",
    ""organization"": [
      ""TTPMVT""
    ]
  }
}",0.0
1347,call_api,"{
  ""path"": ""/api/v1/dashboard/investment-asset/DTTS-019"",
  ""body"": {}
}",0.0
151,call_document,"{""numbers"": 2, ""result"": ""A,C""}",0.02
264,call_document,"{""numbers"": 3, ""result"": ""A,B,C""}",0.04
10,call_document,"{""numbers"": 1, ""result"": ""B""}",0.08
196,call_document,"{""numbers"": 1, ""result"": ""A""}",0.05
1065,call_api,"{
  ""path"": ""/api/v1/dashboard/defect-rate/all-cum"",
  ""body"": {
    ""toDate"": ""2025-09-30"",
    ""isCompany"": """",
    ""projectType"": [],
    ""projectStatus"": [],
    ""isAllProject"": """",
    ""isAllCustomer"": """",
    ""standardComparison"": """"
  }
}",0.0
1058,call_api,"{
  ""path"": ""/api/v1/dashboard/defect-rate/ranking"",
  ""body"": {
    ""toDate"": ""2025-02-28"",
    ""projectType"": [],
    ""projectStatus"": [],
    ""isAllProject"": """",
    ""isAllCustomer"": """",
    ""sort"": """",
    ""standardComparison"": """"
  }
}",0.0
57,call_document,"{""numbers"": 1, ""result"": ""B""}",0.05
103,call_document,"{""numbers"": 1, ""result"": ""A""}",0.0
148,call_document,"{""numbers"": 1, ""result"": ""C""}",0.0
167,call_document,"{""numbers"": 1, ""result"": ""D""}",0.04
268,call_document,"{""numbers"": 1, ""result"": ""A""}",0.05
9,call_document,"{""numbers"": 1, ""result"": ""B""}",0.05
1300,call_api,"{
  ""path"": ""/api/v1/dashboard/project-rating/PMO-015"",
  ""body"": {}
}",0.0
1038,call_api,"{
  ""path"": ""/api/v1/dashboard/defect-rate/count"",
  ""body"": {
    ""toDate"": ""2025-03-31"",
    ""isCompany"": """",
    ""projectType"": [],
    ""projectStatus"": ""in-progress"",
    ""isAllProject"": """",
    ""isAllCustomer"": """"
  }
}",0.0
53,call_document,"{""numbers"": 1, ""result"": ""A""}",0.06
1049,call_api,"{
  ""path"": ""/api/v1/dashboard/defect-rate/prev"",
  ""body"": {
    ""fromDate"": ""2025-03-01"",
    ""toDate"": ""2025-03-31"",
    ""organization"": [
      ""TTPMVT""
    ],
    ""projectList"": [],
    ""customerList"": """",
    ""projectType"": [],
    ""projectStatus"": [],
    ""sort"": """",
    ""standardComparison"": """"
  }
}",0.0
1134,call_api,"{
  ""path"": ""/api/v1/dashboard/ra-report/count-emp-free-effort"",
  ""body"": {
    ""fromDate"": ""2025-09-01"",
    ""toDate"": ""2025-09-30"",
    ""organization"": [],
    ""position"": ""BA"",
    ""level"": [
      ""F"",
      ""S""
    ],
    ""type"": """",
    ""sort"": """"
  }
}",0.0
38,call_document,"{""numbers"": 1, ""result"": ""B""}",0.05
256,call_document,"{""numbers"": 1, ""result"": ""A""}",0.05
84,call_document,"{""numbers"": 1, ""result"": ""D""}",0.01
187,call_document,"{""numbers"": 1, ""result"": ""A""}",0.04
209,call_document,"{""numbers"": 1, ""result"": ""A""}",0.05
237,call_document,"{""numbers"": 1, ""result"": ""C""}",0.1
1277,call_api,"{
  ""path"": ""/api/v1/dashboard/investment-asset/DTTS-032"",
  ""body"": {
    ""fromDate"": ""2025-01-01"",
    ""toDate"": ""2025-12-31"",
    ""type"": """",
    ""lcntOption"": ""2"",
    ""lcntOptionDoing"": ""2"",
    ""lcntType"": [
      ""5"",
      ""2""
    ],
    ""bidPlanType"": ""2"",
    ""lcntDomainType"": [
      ""2"",
      ""5""
    ],
    ""status"": """"
  }
}",0.0
1052,call_api,"{
  ""path"": ""/api/v1/dashboard/defect-rate/cum"",
  ""body"": {
    ""fromDate"": ""2025-01-01"",
    ""toDate"": ""2025-01-31"",
    ""organization"": [
      ""TTPMQT""
    ],
    ""projectList"": [],
    ""customerList"": """",
    ""projectType"": [],
    ""projectStatus"": [],
    ""sort"": """",
    ""standardComparison"": """"
  }
}",0.0
271,call_document,"{""numbers"": 1, ""result"": ""B""}",0.04
197,call_document,"{""numbers"": 1, ""result"": ""A""}",0.05
48,call_document,"{""numbers"": 1, ""result"": ""B""}",0.05
47,call_document,"{""numbers"": 2, ""result"": ""B,C""}",0.07
1007,call_api,"{
  ""path"": ""/api/v1/dashboard/project-rating/PMO-062"",
  ""body"": {}
}",0.0
1004,call_api,"{
  ""path"": ""/api/v1/dashboard/project-overview/company"",
  ""body"": {
    ""projectType"": [],
    ""projectStatus"": []
  }
}",0.0
191,call_document,"{""numbers"": 1, ""result"": ""C""}",0.03
1067,call_api,"{
  ""path"": ""/api/v1/dashboard/leakage-rate/QA-033"",
  ""body"": {
    ""isAllProject"": """",
    ""isAllCustomer"": """",
    ""organization"": [],
    ""customerList"": """",
    ""isCompany"": """",
    ""projectType"": [
      ""package""
    ],
    ""projectStatus"": ""in-progress"",
    ""toDate"": ""2025-12-31"",
    ""standardComparison"": """"
  }
}",0.0
5,call_document,"{""numbers"": 3, ""result"": ""A,B,C""}",0.07
1247,call_api,"{
  ""path"": ""/api/v1/dashboard/training/NS-122"",
  ""body"": {
    ""fromDate"": ""2025-09-01"",
    ""toDate"": ""2025-09-30""
  }
}",0.0
1284,call_api,"{
  ""path"": ""/api/v1/dashboard/employee-info/NS-001?type=4"",
  ""body"": {}
}",0.0
1381,call_api,"{
  ""path"": ""/api/v1/dashboard/profitability/TC-032?summaryDate=2025-05-26&organizationCode=VTIT&targetCode=LNG"",
  ""body"": {}
}",0.0
32,call_api,"{
  ""path"": ""/api/v1/dashboard/productivity/NS-015"",
  ""body"": {
    ""fromDate"": """",
    ""toDate"": """",
    ""type"": """"
  }
}",0.0
244,call_document,"{""numbers"": 1, ""result"": ""D""}",0.04
1020,call_api,"{
  ""path"": ""/api/v1/dashboard/project-performance/PMO-031"",
  ""body"": {
    ""fromDate"": ""2025-06-01"",
    ""toDate"": ""2025-06-30"",
    ""projectType"": [
      ""T&M""
    ],
    ""projectStatus"": []
  }
}",0.0
1184,call_api,"{
  ""path"": ""/api/v1/dashboard/productivity/NS-025"",
  ""body"": {
    ""fromDate"": ""2025-06-01"",
    ""toDate"": ""2025-06-30"",
    ""type"": """"
  }
}",0.0
1290,call_api,"{
  ""path"": ""/api/v1/dashboard/charts?code=PMO-014"",
  ""body"": {}
}",0.0
1194,call_api,"{
  ""path"": ""/api/v1/dashboard/ra-report/NS-045"",
  ""body"": {
    ""fromDate"": ""2025-09-01"",
    ""toDate"": ""2025-09-30""
  }
}",0.0
1274,call_api,"{
  ""path"": ""/api/v1/dashboard/investment-asset/DTTS-041"",
  ""body"": {
    ""fromDate"": ""2025-04-01"",
    ""toDate"": ""2025-04-30"",
    ""type"": """",
    ""status"": """"
  }
}",0.0
1350,call_api,"{
  ""path"": ""/api/v1/dashboard/productivity/NS-018"",
  ""body"": {}
}",0.0
202,call_document,"{""numbers"": 1, ""result"": ""A""}",0.09
86,call_document,"{""numbers"": 4, ""result"": ""A,B,C,D""}",0.07
160,call_document,"{""numbers"": 2, ""result"": ""A,B""}",0.0
1291,call_api,"{
  ""path"": ""/api/v1/dashboard/charts?code=PMO-059"",
  ""body"": {}
}",0.0
1207,call_api,"{
  ""path"": ""/api/v1/dashboard/training/NS-117"",
  ""body"": {
    ""fromDate"": ""2025-12-01"",
    ""toDate"": ""2025-12-31""
  }
}",0.0
201,call_document,"{""numbers"": 2, ""result"": ""A,B""}",0.0
1032,call_api,"{
  ""path"": ""/api/v1/dashboard/project-performance/PMO-057"",
  ""body"": {
    ""fromDate"": ""2025-09-01"",
    ""toDate"": ""2025-09-30"",
    ""projectType"": [],
    ""projectStatus"": []
  }
}",0.0
178,call_document,"{""numbers"": 4, ""result"": ""A,B,C,D""}",0.05
1376,call_api,"{
  ""path"": ""/api/v1/dashboard/business-management/KD-063?summaryDate=2025-05-06&organizationCode=VTIT&targetCode=GTHĐKM"",
  ""body"": {}
}",0.0
1162,call_api,"{
  ""path"": ""/api/v1/dashboard/profitability/TC-012"",
  ""body"": {
    ""fromDate"": ""2025-04-01"",
    ""toDate"": ""2025-06-30"",
    ""type"": """",
    ""organization"": []
  }
}",0.0
1288,call_api,"{
  ""path"": ""/api/v1/dashboard/charts?code=PMO-014"",
  ""body"": {}
}",0.0
251,call_document,"{""numbers"": 2, ""result"": ""A,B""}",0.07
1341,call_api,"{
  ""path"": ""/api/v1/dashboard/profit-after-tax/TC-017"",
  ""body"": {}
}",0.0
1073,call_api,"{
  ""path"": ""/api/v1/dashboard/leakage-rate/QA-028"",
  ""body"": {
    ""fromDate"": ""2025-02-01"",
    ""toDate"": ""2025-02-28"",
    ""organization"": [
      ""TTPMCNM""
    ],
    ""projectList"": [],
    ""customerList"": """",
    ""projectType"": [],
    ""projectStatus"": [],
    ""sort"": """",
    ""standardComparison"": """"
  }
}",0.0
29,call_document,"{""numbers"": 1, ""result"": ""B""}",0.0
89,call_document,"{""numbers"": 1, ""result"": ""D""}",0.03
1294,call_api,"{
  ""path"": ""/api/v1/dashboard/charts?code=PMO-060"",
  ""body"": {}
}",0.0
1342,call_api,"{
  ""path"": ""/api/v1/dashboard/profit-after-tax/TC-017"",
  ""body"": {}
}",0.0
18,call_document,"{""numbers"": 1, ""result"": ""A""}",0.12
1077,call_api,"{
  ""path"": ""/api/v1/dashboard/leakage-rate/QA-029"",
  ""body"": {
    ""toDate"": ""2025-01-31"",
    ""isCompany"": """",
    ""projectType"": [],
    ""projectStatus"": [],
    ""isAllProject"": """",
    ""isAllCustomer"": """"
  }
}",0.0
1017,call_api,"{
  ""path"": ""/api/v1/dashboard/project-performance/PMO-030"",
  ""body"": {
    ""fromDate"": ""2025-09-01"",
    ""toDate"": ""2025-09-30"",
    ""projectType"": [
      ""package""
    ],
    ""projectStatus"": []
  }
}",0.0
1037,call_api,"{
  ""path"": ""/api/v1/dashboard/defect-rate/count"",
  ""body"": {
    ""toDate"": ""2025-12-31"",
    ""isCompany"": """",
    ""projectType"": [
      ""package""
    ],
    ""projectStatus"": ""in-progress"",
    ""isAllProject"": """",
    ""isAllCustomer"": """"
  }
}",0.0
1145,call_api,"{
  ""path"": ""/api/v1/dashboard/recruitment/new-role"",
  ""body"": {
    ""fromDate"": ""2025-03-01"",
    ""toDate"": ""2025-03-31"",
    ""isCompany"": """"
  }
}",0.0
1155,call_api,"{
  ""path"": ""/api/v1/dashboard/business-management/KD-016"",
  ""body"": {
    ""toDate"": ""2025-03-31"",
    ""organization"": [
      ""TTPMTCS""
    ]
  }
}",0.0
1035,call_api,"{
  ""path"": ""/api/v1/dashboard/project-performance/PMO-058"",
  ""body"": {
    ""fromDate"": ""2025-01-01"",
    ""toDate"": ""2025-03-31"",
    ""projectType"": [],
    ""projectStatus"": []
  }
}",0.0
1210,call_api,"{
  ""path"": ""/api/v1/dashboard/training/NS-118"",
  ""body"": {
    ""fromDate"": ""2025-12-01"",
    ""toDate"": ""2025-12-31""
  }
}",0.0
52,call_api,"{
  ""path"": ""/api/v1/dashboard/defect-rate/prev"",
  ""body"": {
    ""fromDate"": """",
    ""toDate"": """",
    ""organization"": [],
    ""projectList"": [],
    ""customerList"": """",
    ""projectType"": [],
    ""projectStatus"": [],
    ""sort"": """",
    ""standardComparison"": """"
  }
}",0.0
1193,call_api,"{
  ""path"": ""/api/v1/dashboard/ra-report/NS-045"",
  ""body"": {
    ""fromDate"": ""2025-03-01"",
    ""toDate"": ""2025-03-31""
  }
}",0.0
220,call_document,"{""numbers"": 2, ""result"": ""A,C""}",0.06
1016,call_api,"{
  ""path"": ""/api/v1/dashboard/project-overview/organization"",
  ""body"": {
    ""projectType"": [],
    ""projectStatus"": []
  }
}",0.0
1308,call_api,"{
  ""path"": ""/api/v1/dashboard/project-rating/PMO-063"",
  ""body"": {}
}",0.0
110,call_document,"{""numbers"": 1, ""result"": ""A""}",0.06
22,call_document,"{""numbers"": 1, ""result"": ""B""}",0.03
122,call_document,"{""numbers"": 1, ""result"": ""A""}",0.0
1336,call_api,"{
  ""path"": ""/api/v1/dashboard/profit-after-tax/TC-015"",
  ""body"": {}
}",0.0
143,call_document,"{""numbers"": 1, ""result"": ""C""}",0.03
100,call_document,"{""numbers"": 1, ""result"": ""B""}",0.05
101,call_document,"{""numbers"": 1, ""result"": ""C""}",0.03
1172,call_api,"{
  ""path"": ""/api/v1/dashboard/productivity/NS-016"",
  ""body"": {
    ""fromDate"": ""2025-10-01"",
    ""toDate"": ""2025-10-31""
  }
}",0.0
119,call_document,"{""numbers"": 1, ""result"": ""B""}",0.08
12,call_document,"{""numbers"": 1, ""result"": ""A""}",0.04
1178,call_api,"{
  ""path"": ""/api/v1/dashboard/productivity/NS-024"",
  ""body"": {
    ""fromDate"": ""2025-01-01"",
    ""toDate"": ""2025-01-31""
  }
}",0.0
105,call_document,"{""numbers"": 1, ""result"": ""D""}",0.07
1296,call_api,"{
  ""path"": ""/api/v1/dashboard/charts?code=PMO-060"",
  ""body"": {}
}",0.0
104,call_document,"{""numbers"": 1, ""result"": ""A""}",0.05
215,call_document,"{""numbers"": 1, ""result"": ""C""}",0.05
1261,call_api,"{
  ""path"": ""/api/v1/dashboard/investment-asset/DTTS-023"",
  ""body"": {
    ""fromDate"": ""2025-01-01"",
    ""toDate"": ""2025-12-31"",
    ""type"": """",
    ""lcntOption"": ""2"",
    ""lcntOptionDoing"": ""2"",
    ""lcntType"": [
      ""5"",
      ""2""
    ],
    ""bidPlanType"": ""2"",
    ""lcntDomainType"": [
      ""2"",
      ""5""
    ],
    ""status"": """"
  }
}",0.0
1257,call_api,"{
  ""path"": ""/api/v1/dashboard/investment-asset/DTTS-009"",
  ""body"": {
    ""fromDate"": ""2025-12-01"",
    ""toDate"": ""2025-12-31"",
    ""assetGroup"": ""Công cụ dụng cụ""
  }
}",0.0
1329,call_api,"{
  ""path"": ""/api/v1/dashboard/value-project-type/KD-056"",
  ""body"": {}
}",0.0
173,call_document,"{""numbers"": 2, ""result"": ""A,D""}",0.06
153,call_document,"{""numbers"": 1, ""result"": ""C""}",0.08
146,call_document,"{""numbers"": 4, ""result"": ""A,B,C,D""}",0.05
1374,call_api,"{
  ""path"": ""/api/v1/dashboard/business-management/KD-017?summaryDate=2025-05-06&organizationCode=VTIT&targetCode=DT"",
  ""body"": {}
}",0.0
136,call_document,"{""numbers"": 1, ""result"": ""B""}",0.07
1029,call_api,"{
  ""path"": ""/api/v1/dashboard/project-performance/PMO-038"",
  ""body"": {
    ""toDate"": ""2025-05-31"",
    ""projectType"": [
      ""package""
    ],
    ""projectStatus"": []
  }
}",0.0
1276,call_api,"{
  ""path"": ""/api/v1/dashboard/investment-asset/DTTS-049"",
  ""body"": {
    ""fromDate"": ""2025-01-01"",
    ""toDate"": ""2025-12-31"",
    ""type"": """",
    ""organization"": [],
    ""dtmsClass"": """",
    ""procurementType"": ""0"",
    ""dtmsType"": """"
  }
}",0.0
183,call_document,"{""numbers"": 2, ""result"": ""C,D""}",0.06
137,call_document,"{""numbers"": 1, ""result"": ""A""}",0.01
142,call_document,"{""numbers"": 1, ""result"": ""A""}",0.04
259,call_document,"{""numbers"": 3, ""result"": ""A,B,C""}",0.0
118,call_document,"{""numbers"": 1, ""result"": ""A""}",0.07
1314,call_api,"{
  ""path"": ""/api/v1/dashboard/project-overview/PMO-065"",
  ""body"": {}
}",0.0
242,call_document,"{""numbers"": 3, ""result"": ""B,C,D""}",0.06
1133,call_api,"{
  ""path"": ""/api/v1/dashboard/ra-report/count-emp-free-effort"",
  ""body"": {
    ""fromDate"": ""2025-04-01"",
    ""toDate"": ""2025-06-30"",
    ""organization"": [],
    ""position"": ""BA"",
    ""level"": [
      ""F"",
      ""S""
    ],
    ""type"": """",
    ""sort"": """"
  }
}",0.0
1333,call_api,"{
  ""path"": ""/api/v1/dashboard/charts?code=TC-004"",
  ""body"": {}
}",0.0
177,call_api,"{
  ""path"": ""/api/v1/dashboard/training/NS-103"",
  ""body"": {
    ""fromDate"": """",
    ""toDate"": """"
  }
}",0.0
1249,call_api,"{
  ""path"": ""/api/v1/dashboard/investment-asset/DTTS-003"",
  ""body"": {
    ""fromDate"": ""2025-01-01"",
    ""toDate"": ""2025-12-31"",
    ""type"": """",
    ""assetGroup"": []
  }
}",0.0
1232,call_api,"{
  ""path"": ""/api/v1/dashboard/training/NS-101"",
  ""body"": {
    ""fromDate"": ""2025-01-01"",
    ""toDate"": ""2025-01-31""
  }
}",0.0
1209,call_api,"{
  ""path"": ""/api/v1/dashboard/training/NS-117"",
  ""body"": {
    ""fromDate"": ""2025-02-01"",
    ""toDate"": ""2025-10-31""
  }
}",0.0
1083,call_api,"{
  ""path"": ""/api/v1/dashboard/leakage-rate/QA-033"",
  ""body"": {
    ""isAllProject"": """",
    ""isAllCustomer"": """",
    ""organization"": [
      ""TTPMCNM""
    ],
    ""customerList"": """",
    ""isCompany"": """",
    ""projectType"": [],
    ""projectStatus"": [],
    ""toDate"": ""2025-11-30"",
    ""standardComparison"": """"
  }
}",0.0
1167,call_api,"{
  ""path"": ""/api/v1/dashboard/profitability/TC-013"",
  ""body"": {
    ""toDate"": ""2025-03-31"",
    ""organization"": []
  }
}",0.0
3,call_document,"{""numbers"": 4, ""result"": ""A,B,C,D""}",0.0
1238,call_api,"{
  ""path"": ""/api/v1/dashboard/training/NS-104"",
  ""body"": {
    ""fromDate"": ""2025-01-01"",
    ""toDate"": ""2025-01-31""
  }
}",0.0
1116,call_api,"{
  ""path"": ""/api/v1/dashboard/ra-report/total-ra"",
  ""body"": {
    ""dateFilter"": """",
    ""fromDate"": ""2025-04-01"",
    ""toDate"": ""2025-04-30"",
    ""type"": """",
    ""organization"": [
      ""TTPMCNM""
    ]
  }
}",0.0
94,call_document,"{""numbers"": 1, ""result"": ""A""}",0.05
60,call_document,"{""numbers"": 1, ""result"": ""B""}",0.05
1364,call_api,"{
  ""path"": ""/api/v1/dashboard/business-management/KD-010?summaryDate=2025-05-26&organizationCode=VTIT&targetCode=DT"",
  ""body"": {}
}",0.0
87,call_document,"{""numbers"": 1, ""result"": ""A""}",0.05
281,call_document,"{""numbers"": 3, ""result"": ""A,B,C""}",0.09
175,call_document,"{""numbers"": 2, ""result"": ""A,C""}",0.05
149,call_api,"{
  ""path"": ""/api/v1/dashboard/leakage-rate/QA-029"",
  ""body"": {
    ""toDate"": """",
    ""isCompany"": """",
    ""projectType"": [],
    ""projectStatus"": [],
    ""isAllProject"": """",
    ""isAllCustomer"": """"
  }
}",0.0
56,call_document,"{""numbers"": 1, ""result"": ""A""}",0.04
1200,call_api,"{
  ""path"": ""/api/v1/dashboard/resignation/NS-050"",
  ""body"": {
    ""fromDate"": ""2025-12-01"",
    ""toDate"": ""2025-12-31""
  }
}",0.0
1211,call_api,"{
  ""path"": ""/api/v1/dashboard/training/NS-118"",
  ""body"": {
    ""fromDate"": ""2025-04-01"",
    ""toDate"": ""2025-06-30""
  }
}",0.0
1322,call_api,"{
  ""path"": ""/api/v1/dashboard/project-rating/PMO-062"",
  ""body"": {}
}",0.0
1031,call_api,"{
  ""path"": ""/api/v1/dashboard/project-performance/PMO-027"",
  ""body"": {
    ""fromDate"": ""2025-01-01"",
    ""toDate"": ""2025-03-31"",
    ""projectType"": [],
    ""projectStatus"": []
  }
}",0.0
1013,call_api,"{
  ""path"": ""/api/v1/dashboard/project-performance/PMO-028"",
  ""body"": {
    ""fromDate"": ""2025-01-01"",
    ""toDate"": ""2025-03-31"",
    ""projectType"": [],
    ""projectStatus"": []
  }
}",0.0
1243,call_api,"{
  ""path"": ""/api/v1/dashboard/training/NS-120"",
  ""body"": {
    ""fromDate"": ""2025-06-01"",
    ""toDate"": ""2025-06-30""
  }
}",0.0
90,call_document,"{""numbers"": 1, ""result"": ""A""}",0.05
240,call_document,"{""numbers"": 1, ""result"": ""A""}",0.05
267,call_document,"{""numbers"": 2, ""result"": ""A,D""}",0.03
43,call_document,"{""numbers"": 1, ""result"": ""B""}",0.05
71,call_document,"{""numbers"": 1, ""result"": ""A""}",0.0
1248,call_api,"{
  ""path"": ""/api/v1/dashboard/training/NS-122"",
  ""body"": {
    ""fromDate"": ""2025-01-01"",
    ""toDate"": ""2025-03-31""
  }
}",0.0
1195,call_api,"{
  ""path"": ""/api/v1/dashboard/resignation/NS-048"",
  ""body"": {
    ""fromDate"": ""2025-01-01"",
    ""toDate"": ""2025-12-31""
  }
}",0.0
1165,call_api,"{
  ""path"": ""/api/v1/dashboard/profitability/TC-013"",
  ""body"": {
    ""toDate"": ""2025-06-30"",
    ""organization"": []
  }
}",0.0
229,call_document,"{""numbers"": 1, ""result"": ""A""}",0.05
168,call_document,"{""numbers"": 3, ""result"": ""A,B,C""}",0.05
192,call_document,"{""numbers"": 1, ""result"": ""A""}",0.04
1186,call_api,"{
  ""path"": ""/api/v1/dashboard/productivity/NS-026"",
  ""body"": {
    ""fromDate"": ""2025-07-01"",
    ""toDate"": ""2025-07-31""
  }
}",0.0
1005,call_api,"{
  ""path"": ""/api/v1/dashboard/project-rating/PMO-062"",
  ""body"": {}
}",0.0
1061,call_api,"{
  ""path"": ""/api/v1/dashboard/defect-rate/all-cum"",
  ""body"": {
    ""toDate"": ""2025-06-30"",
    ""isCompany"": """",
    ""projectType"": [],
    ""projectStatus"": [],
    ""isAllProject"": """",
    ""isAllCustomer"": """",
    ""standardComparison"": """"
  }
}",0.0
67,call_document,"{""numbers"": 1, ""result"": ""C""}",0.12
1118,call_api,"{
  ""path"": ""/api/v1/dashboard/ra-report/get-ra-ru-hc"",
  ""body"": {
    ""dateFilter"": """",
    ""fromDate"": ""2025-04-01"",
    ""toDate"": ""2025-04-30"",
    ""type"": """",
    ""organization"": [
      ""TTPMQT""
    ]
  }
}",0.0
246,call_document,"{""numbers"": 1, ""result"": ""B""}",0.04
224,call_document,"{""numbers"": 4, ""result"": ""A,B,C,D""}",0.06
204,call_document,"{""numbers"": 2, ""result"": ""C,D""}",0.02
1371,call_api,"{
  ""path"": ""/api/v1/dashboard/business-management/KD-059?summaryDate=2025-05-26&targetCode=DT&cycleType=month=VTIT&targetCode=DT"",
  ""body"": {}
}",0.0
115,call_document,"{""numbers"": 2, ""result"": ""B,D""}",0.06
1131,call_api,"{
  ""path"": ""/api/v1/dashboard/ra-report/count-emp-free-effort"",
  ""body"": {
    ""fromDate"": ""2025-01-01"",
    ""toDate"": ""2025-01-31"",
    ""organization"": [],
    ""position"": ""BA"",
    ""level"": [
      ""F"",
      ""M""
    ],
    ""type"": """",
    ""sort"": """"
  }
}",0.0
1043,call_api,"{
  ""path"": ""/api/v1/dashboard/defect-rate/prev"",
  ""body"": {
    ""fromDate"": ""2025-11-01"",
    ""toDate"": ""2025-11-30"",
    ""organization"": [
      ""TTPMQT""
    ],
    ""projectList"": [],
    ""customerList"": """",
    ""projectType"": [],
    ""projectStatus"": [],
    ""sort"": """",
    ""standardComparison"": """"
  }
}",0.0
1202,call_api,"{
  ""path"": ""/api/v1/dashboard/training/NS-111"",
  ""body"": {
    ""fromDate"": ""2025-05-01"",
    ""toDate"": ""2025-05-31""
  }
}",0.0
99,call_document,"{""numbers"": 4, ""result"": ""A,B,C,D""}",0.03
1151,call_api,"{
  ""path"": ""/api/v1/dashboard/business-management/KD-009"",
  ""body"": {
    ""organization"": [
      ""TTPMQT""
    ],
    ""toDate"": ""2025-03-31""
  }
}",0.0
1367,call_api,"{
  ""path"": ""/api/v1/dashboard/business-management/KD-061?summaryDate=2025-05-26&organizationCode=VTIT&targetCode=DT"",
  ""body"": {}
}",0.0
230,call_document,"{""numbers"": 3, ""result"": ""B,C,D""}",0.04
140,call_document,"{""numbers"": 1, ""result"": ""A""}",0.08
1001,call_api,"{
  ""path"": ""/api/v1/dashboard/project-overview/PMO-066"",
  ""body"": {}
}",0.0
203,call_document,"{""numbers"": 1, ""result"": ""D""}",0.08
81,call_document,"{""numbers"": 1, ""result"": ""A""}",0.04
227,call_document,"{""numbers"": 1, ""result"": ""D""}",0.05
1321,call_api,"{
  ""path"": ""/api/v1/dashboard/project-overview/progress-individual"",
  ""body"": {}
}",0.0
93,call_document,"{""numbers"": 2, ""result"": ""B,C""}",0.11
182,call_document,"{""numbers"": 2, ""result"": ""B,C""}",0.05
1307,call_api,"{
  ""path"": ""/api/v1/dashboard/project-rating/PMO-063"",
  ""body"": {}
}",0.0
1187,call_api,"{
  ""path"": ""/api/v1/dashboard/productivity/NS-026"",
  ""body"": {
    ""fromDate"": ""2025-12-01"",
    ""toDate"": ""2025-12-31""
  }
}",0.0
1275,call_api,"{
  ""path"": ""/api/v1/dashboard/investment-asset/DTTS-041"",
  ""body"": {
    ""fromDate"": ""2025-06-01"",
    ""toDate"": ""2025-11-30"",
    ""type"": """",
    ""status"": """"
  }
}",0.0
169,call_document,"{""numbers"": 1, ""result"": ""B""}",0.07
1340,call_api,"{
  ""path"": ""/api/v1/dashboard/profit-after-tax/TC-016"",
  ""body"": {}
}",0.0
1383,call_api,"{
  ""path"": ""/api/v1/dashboard/profitability/TC-036?summaryDate=2025-05-26&organizationCode=VTIT&targetCode=LNG"",
  ""body"": {}
}",0.0
1196,call_api,"{
  ""path"": ""/api/v1/dashboard/resignation/NS-048"",
  ""body"": {
    ""fromDate"": ""2025-05-01"",
    ""toDate"": ""2025-05-31""
  }
}",0.0
1110,call_api,"{
  ""path"": ""/api/v1/dashboard/employee-info/soc"",
  ""body"": {
    ""fromDate"": ""2025-12-01"",
    ""toDate"": ""2025-12-31"",
    ""isCompany"": """",
    ""sort"": """",
    ""standardComparison"": """"
  }
}",0.0
270,call_document,"{""numbers"": 1, ""result"": ""C""}",0.07
1348,call_api,"{
  ""path"": ""/api/v1/dashboard/investment-asset/DTTS-019"",
  ""body"": {}
}",0.0
269,call_document,"{""numbers"": 3, ""result"": ""A,B,D""}",0.0
180,call_document,"{""numbers"": 4, ""result"": ""A,B,C,D""}",0.06
1251,call_api,"{
  ""path"": ""/api/v1/dashboard/investment-asset/DTTS-003"",
  ""body"": {
    ""fromDate"": ""2025-12-01"",
    ""toDate"": ""2025-12-31"",
    ""type"": """",
    ""assetGroup"": ""Công cụ dụng cụ""
  }
}",0.0
1309,call_api,"{
  ""path"": ""/api/v1/dashboard/project-rating/PMO-064"",
  ""body"": {}
}",0.0
176,call_document,"{""numbers"": 2, ""result"": ""A,B""}",0.04
198,call_document,"{""numbers"": 1, ""result"": ""A""}",0.01
1241,call_api,"{
  ""path"": ""/api/v1/dashboard/training/NS-107"",
  ""body"": {
    ""fromDate"": ""2025-06-01"",
    ""toDate"": ""2025-06-30""
  }
}",0.0
1356,call_api,"{
  ""path"": ""/api/v1/dashboard/business-management/KD-001?summaryDate=2025-05-26&organizationCode=VTIT&targetCode=DT"",
  ""body"": {}
}",0.0
231,call_document,"{""numbers"": 1, ""result"": ""C""}",0.07
1286,call_api,"{
  ""path"": ""/api/v1/dashboard/employee-info/NS-001?type=7"",
  ""body"": {}
}",0.0
98,call_document,"{""numbers"": 1, ""result"": ""A""}",0.05
26,call_document,"{""numbers"": 1, ""result"": ""A""}",0.07
1082,call_api,"{
  ""path"": ""/api/v1/dashboard/defect-rate/project"",
  ""body"": {
    ""toDate"": ""2025-10-31"",
    ""projectType"": [
      ""package""
    ],
    ""projectStatus"": [],
    ""isAllProject"": """",
    ""isAllCustomer"": """",
    ""standardComparison"": """"
  }
}",0.0
1148,call_api,"{
  ""path"": ""/api/v1/dashboard/recruitment/new-level"",
  ""body"": {
    ""fromDate"": ""2025-02-01"",
    ""toDate"": ""2025-02-28"",
    ""isCompany"": """"
  }
}",0.0
186,call_document,"{""numbers"": 1, ""result"": ""A""}",0.06
112,call_document,"{""numbers"": 1, ""result"": ""C""}",0.0
1222,call_api,"{
  ""path"": ""/api/v1/dashboard/certificate/NS-064-1"",
  ""body"": {
    ""fromDate"": ""2025-01-01"",
    ""toDate"": ""2025-12-31""
  }
}",0.0
274,call_document,"{""numbers"": 1, ""result"": ""A""}",0.09
1344,call_api,"{
  ""path"": ""/api/v1/dashboard/charts?code=TC-018"",
  ""body"": {}
}",0.0
243,call_api,"{
  ""path"": ""/api/v1/dashboard/defect-rate/prev"",
  ""body"": {
    ""fromDate"": """",
    ""toDate"": """",
    ""organization"": [],
    ""projectList"": [],
    ""customerList"": """",
    ""projectType"": [],
    ""projectStatus"": [],
    ""sort"": """",
    ""standardComparison"": """"
  }
}",0.0
1302,call_api,"{
  ""path"": ""/api/v1/dashboard/project-rating/PMO-062"",
  ""body"": {}
}",0.0
1280,call_api,"{
  ""path"": ""/api/v1/dashboard/employee-info/NS-001?type=1"",
  ""body"": {}
}",0.0
222,call_document,"{""numbers"": 1, ""result"": ""D""}",0.0
1239,call_api,"{
  ""path"": ""/api/v1/dashboard/training/NS-104"",
  ""body"": {
    ""fromDate"": ""2025-05-01"",
    ""toDate"": ""2025-05-31""
  }
}",0.0
1330,call_api,"{
  ""path"": ""/api/v1/dashboard/charts?code=KD-004"",
  ""body"": {}
}",0.0
1059,call_api,"{
  ""path"": ""/api/v1/dashboard/defect-rate/ranking"",
  ""body"": {
    ""toDate"": ""2025-05-31"",
    ""projectType"": [],
    ""projectStatus"": [],
    ""isAllProject"": """",
    ""isAllCustomer"": """",
    ""sort"": """",
    ""standardComparison"": """"
  }
}",0.0
225,call_document,"{""numbers"": 1, ""result"": ""A""}",0.05
248,call_document,"{""numbers"": 4, ""result"": ""A,B,C,D""}",0.01
1022,call_api,"{
  ""path"": ""/api/v1/dashboard/project-performance/PMO-032"",
  ""body"": {
    ""fromDate"": ""2025-01-01"",
    ""toDate"": ""2025-03-31"",
    ""projectType"": [],
    ""projectStatus"": []
  }
}",0.0
1130,call_api,"{
  ""path"": ""/api/v1/dashboard/ra-report/count-emp-free-effort"",
  ""body"": {
    ""fromDate"": ""2025-10-01"",
    ""toDate"": ""2025-10-31"",
    ""organization"": [],
    ""position"": [
      ""BA"",
      ""TESTER""
    ],
    ""level"": [
      ""F"",
      ""M"",
      ""S""
    ],
    ""type"": """",
    ""sort"": """"
  }
}",0.0
134,call_document,"{""numbers"": 1, ""result"": ""A""}",0.06
1218,call_api,"{
  ""path"": ""/api/v1/dashboard/ra-report/NS-046"",
  ""body"": {
    ""fromDate"": ""2025-04-01"",
    ""toDate"": ""2025-06-30""
  }
}",0.0
157,call_document,"{""numbers"": 1, ""result"": ""A""}",0.01
74,call_document,"{""numbers"": 1, ""result"": ""B""}",0.07
171,call_document,"{""numbers"": 2, ""result"": ""C,D""}",0.06
1154,call_api,"{
  ""path"": ""/api/v1/dashboard/business-management/KD-016"",
  ""body"": {
    ""toDate"": ""2025-02-28"",
    ""organization"": [
      ""TTPMQT""
    ]
  }
}",0.0
207,call_document,"{""numbers"": 1, ""result"": ""A""}",0.1
1094,call_api,"{
  ""path"": ""/api/v1/dashboard/leakage-rate/QA-039"",
  ""body"": {
    ""toDate"": ""2025-01-31"",
    ""isCompany"": """",
    ""projectType"": [],
    ""projectStatus"": [],
    ""isAllProject"": """",
    ""isAllCustomer"": """",
    ""standardComparison"": """"
  }
}",0.0
121,call_document,"{""numbers"": 4, ""result"": ""A,B,C,D""}",0.05
278,call_document,"{""numbers"": 2, ""result"": ""A,B""}",0.06
21,call_document,"{""numbers"": 1, ""result"": ""B""}",0.03
1068,call_api,"{
  ""path"": ""/api/v1/dashboard/leakage-rate/QA-033"",
  ""body"": {
    ""isAllProject"": """",
    ""isAllCustomer"": """",
    ""organization"": [],
    ""customerList"": """",
    ""isCompany"": """",
    ""projectType"": [],
    ""projectStatus"": ""closed"",
    ""toDate"": ""2025-12-31"",
    ""standardComparison"": """"
  }
}",0.0
150,call_document,"{""numbers"": 1, ""result"": ""D""}",0.05
91,call_document,"{""numbers"": 1, ""result"": ""A""}",0.0
1205,call_api,"{
  ""path"": ""/api/v1/dashboard/training/NS-116"",
  ""body"": {
    ""fromDate"": ""2025-01-01"",
    ""toDate"": ""2025-03-31""
  }
}",0.0
236,call_document,"{""numbers"": 1, ""result"": ""B""}",0.04
1204,call_api,"{
  ""path"": ""/api/v1/dashboard/training/NS-116"",
  ""body"": {
    ""fromDate"": ""2025-12-01"",
    ""toDate"": ""2025-12-31""
  }
}",0.0
1101,call_api,"{
  ""path"": ""/api/v1/dashboard/employee-info/level"",
  ""body"": {
    ""fromDate"": ""2025-07-01"",
    ""toDate"": ""2025-09-30"",
    ""isCompany"": """"
  }
}",0.0
1339,call_api,"{
  ""path"": ""/api/v1/dashboard/profit-after-tax/TC-016"",
  ""body"": {}
}",0.0
1378,call_api,"{
  ""path"": ""/api/v1/dashboard/business-management/KD-016"",
  ""body"": {
    ""toDate"": ""2025-12-31"",
    ""organization"": []
  }
}",0.0
17,call_document,"{""numbers"": 2, ""result"": ""A,C""}",0.05
1026,call_api,"{
  ""path"": ""/api/v1/dashboard/project-performance/PMO-033"",
  ""body"": {
    ""fromDate"": ""2025-06-01"",
    ""toDate"": ""2025-12-31"",
    ""projectList"": [],
    ""organization"": [
      ""TTPMVT""
    ],
    ""projectType"": [],
    ""projectStatus"": []
  }
}",0.0
15,call_document,"{""numbers"": 1, ""result"": ""A""}",0.03
1062,call_api,"{
  ""path"": ""/api/v1/dashboard/defect-rate/all-cum"",
  ""body"": {
    ""toDate"": ""2025-03-31"",
    ""isCompany"": """",
    ""projectType"": [],
    ""projectStatus"": [],
    ""isAllProject"": """",
    ""isAllCustomer"": """",
    ""standardComparison"": """"
  }
}",0.0
1343,call_api,"{
  ""path"": ""/api/v1/dashboard/profit-after-tax/TC-017"",
  ""body"": {}
}",0.0
1244,call_api,"{
  ""path"": ""/api/v1/dashboard/training/NS-120"",
  ""body"": {
    ""fromDate"": ""2025-09-01"",
    ""toDate"": ""2025-09-30""
  }
}",0.0
1217,call_api,"{
  ""path"": ""/api/v1/dashboard/ra-report/NS-046"",
  ""body"": {
    ""fromDate"": ""2025-02-01"",
    ""toDate"": ""2025-02-28""
  }
}",0.0
16,call_document,"{""numbers"": 1, ""result"": ""B""}",0.01
114,call_document,"{""numbers"": 1, ""result"": ""A""}",0.05
190,call_document,"{""numbers"": 2, ""result"": ""A,D""}",0.06
165,call_document,"{""numbers"": 1, ""result"": ""A""}",0.05
1315,call_api,"{
  ""path"": ""/api/v1/dashboard/project-overview/PMO-065"",
  ""body"": {}
}",0.0
206,call_document,"{""numbers"": 3, ""result"": ""A,B,D""}",0.05
124,call_document,"{""numbers"": 4, ""result"": ""A,B,C,D""}",0.05
13,call_document,"{""numbers"": 1, ""result"": ""A""}",0.03
213,call_document,"{""numbers"": 1, ""result"": ""B""}",0.05
1056,call_api,"{
  ""path"": ""/api/v1/dashboard/defect-rate/trend"",
  ""body"": {
    ""fromDate"": ""2025-03-01"",
    ""toDate"": ""2025-06-30"",
    ""projectType"": [],
    ""projectStatus"": [],
    ""isAllProject"": """",
    ""isAllCustomer"": """",
    ""standardComparison"": """"
  }
}",0.0
1262,call_api,"{
  ""path"": ""/api/v1/dashboard/investment-asset/DTTS-023"",
  ""body"": {
    ""fromDate"": ""2025-04-01"",
    ""toDate"": ""2025-04-30"",
    ""type"": """",
    ""lcntOption"": ""2"",
    ""lcntOptionDoing"": ""2"",
    ""lcntType"": [
      ""5"",
      ""4"",
      ""2""
    ],
    ""bidPlanType"": ""2"",
    ""lcntDomainType"": [
      ""2"",
      ""4"",
      ""5""
    ],
    ""status"": """"
  }
}",0.0
1139,call_api,"{
  ""path"": ""/api/v1/dashboard/recruitment/new-time"",
  ""body"": {
    ""fromDate"": ""2025-03-01"",
    ""toDate"": ""2025-03-31"",
    ""isCompany"": """",
    ""type"": """"
  }
}",0.0
1177,call_api,"{
  ""path"": ""/api/v1/dashboard/productivity/NS-023"",
  ""body"": {
    ""fromDate"": ""2025-12-01"",
    ""toDate"": ""2025-12-31"",
    ""type"": """"
  }
}",0.0
1161,call_api,"{
  ""path"": ""/api/v1/dashboard/profitability/TC-011"",
  ""body"": {
    ""toDate"": ""2025-06-30"",
    ""organization"": []
  }
}",0.0
1306,call_api,"{
  ""path"": ""/api/v1/dashboard/project-rating/PMO-063"",
  ""body"": {}
}",0.0
1297,call_api,"{
  ""path"": ""/api/v1/dashboard/charts?code=PMO-061"",
  ""body"": {}
}",0.0
166,call_document,"{""numbers"": 1, ""result"": ""B""}",0.0
1337,call_api,"{
  ""path"": ""/api/v1/dashboard/profit-after-tax/TC-015"",
  ""body"": {}
}",0.0
131,call_document,"{""numbers"": 1, ""result"": ""B""}",0.0
28,call_document,"{""numbers"": 1, ""result"": ""A""}",0.06
1272,call_api,"{
  ""path"": ""/api/v1/dashboard/investment-asset/DTTS-033"",
  ""body"": {
    ""fromDate"": ""2025-06-01"",
    ""toDate"": ""2025-11-30"",
    ""type"": """",
    ""lcntOption"": [
      ""1"",
      ""2""
    ],
    ""lcntOptionDoing"": [
      ""1"",
      ""2""
    ],
    ""lcntType"": [
      ""5"",
      ""2"",
      ""1"",
      ""6""
    ],
    ""bidPlanType"": [
      ""1"",
      ""2""
    ],
    ""lcntDomainType"": [
      ""1"",
      ""2"",
      ""5""
    ],
    ""status"": """"
  }
}",0.0
159,call_document,"{""numbers"": 1, ""result"": ""A""}",0.05
266,call_document,"{""numbers"": 1, ""result"": ""C""}",0.04
120,call_document,"{""numbers"": 1, ""result"": ""A""}",0.06
1229,call_api,"{
  ""path"": ""/api/v1/dashboard/training/NS-099"",
  ""body"": {
    ""fromDate"": ""2025-01-01"",
    ""toDate"": ""2025-12-31""
  }
}",0.0
234,call_api,"{
  ""path"": ""/api/v1/dashboard/productivity/NS-015"",
  ""body"": {
    ""fromDate"": """",
    ""toDate"": """",
    ""type"": """"
  }
}",0.0
123,call_document,"{""numbers"": 1, ""result"": ""B""}",0.05
1176,call_api,"{
  ""path"": ""/api/v1/dashboard/productivity/NS-018"",
  ""body"": {}
}",0.0
272,call_document,"{""numbers"": 1, ""result"": ""A""}",0.04
1338,call_api,"{
  ""path"": ""/api/v1/dashboard/profit-after-tax/TC-016"",
  ""body"": {}
}",0.0
1363,call_api,"{
  ""path"": ""/api/v1/dashboard/business-management/KD-007?summaryDate=2025-05-26&organizationCode=VTIT&targetCode=DT"",
  ""body"": {}
}",0.0
1070,call_api,"{
  ""path"": ""/api/v1/dashboard/leakage-rate/QA-028"",
  ""body"": {
    ""fromDate"": ""2025-03-01"",
    ""toDate"": ""2025-03-31"",
    ""organization"": [
      ""TTPMVT""
    ],
    ""projectList"": [],
    ""customerList"": """",
    ""projectType"": [],
    ""projectStatus"": [],
    ""sort"": """",
    ""standardComparison"": """"
  }
}",0.0
36,call_document,"{""numbers"": 2, ""result"": ""A,C""}",0.08
1159,call_api,"{
  ""path"": ""/api/v1/dashboard/profitability/TC-011"",
  ""body"": {
    ""toDate"": ""2025-12-31"",
    ""organization"": []
  }
}",0.0
109,call_document,"{""numbers"": 1, ""result"": ""A""}",0.0
1011,call_api,"{
  ""path"": ""/api/v1/dashboard/project-performance/PMO-027"",
  ""body"": {
    ""fromDate"": ""2025-01-01"",
    ""toDate"": ""2025-03-31"",
    ""projectType"": [],
    ""projectStatus"": []
  }
}",0.0
1171,call_api,"{
  ""path"": ""/api/v1/dashboard/productivity/NS-016"",
  ""body"": {
    ""fromDate"": ""2025-11-01"",
    ""toDate"": ""2025-11-30""
  }
}",0.0
1182,call_api,"{
  ""path"": ""/api/v1/dashboard/productivity/NS-024"",
  ""body"": {
    ""fromDate"": ""2025-01-01"",
    ""toDate"": ""2025-01-31""
  }
}",0.0
254,call_document,"{""numbers"": 2, ""result"": ""A,B""}",0.0
50,call_document,"{""numbers"": 2, ""result"": ""A,C""}",0.07
162,call_document,"{""numbers"": 1, ""result"": ""A""}",0.06
1230,call_api,"{
  ""path"": ""/api/v1/dashboard/training/NS-099"",
  ""body"": {
    ""fromDate"": ""2025-09-01"",
    ""toDate"": ""2025-09-30""
  }
}",0.0
4,call_document,"{""numbers"": 2, ""result"": ""A,B""}",0.03
273,call_document,"{""numbers"": 1, ""result"": ""D""}",0.04
102,call_document,"{""numbers"": 2, ""result"": ""C,D""}",0.06
1198,call_api,"{
  ""path"": ""/api/v1/dashboard/resignation/NS-050"",
  ""body"": {
    ""fromDate"": ""2025-01-01"",
    ""toDate"": ""2025-12-31""
  }
}",0.0
1227,call_api,"{
  ""path"": ""/api/v1/dashboard/certificate/NS-064-2"",
  ""body"": {
    ""fromDate"": ""2025-01-01"",
    ""toDate"": ""2025-12-31""
  }
}",0.0
1191,call_api,"{
  ""path"": ""/api/v1/dashboard/ra-report/NS-039"",
  ""body"": {
    ""fromDate"": ""2025-04-01"",
    ""toDate"": ""2025-08-31"",
    ""organization"": [
      ""TTPMVT""
    ]
  }
}",0.0
64,call_document,"{""numbers"": 1, ""result"": ""D""}",0.04
1216,call_api,"{
  ""path"": ""/api/v1/dashboard/ra-report/NS-046"",
  ""body"": {
    ""fromDate"": ""2025-11-01"",
    ""toDate"": ""2025-11-30""
  }
}",0.0
188,call_document,"{""numbers"": 2, ""result"": ""A,B""}",0.0
238,call_document,"{""numbers"": 1, ""result"": ""C""}",0.04
1119,call_api,"{
  ""path"": ""/api/v1/dashboard/ra-report/get-ra-ru-hc"",
  ""body"": {
    ""dateFilter"": """",
    ""fromDate"": ""2025-01-01"",
    ""toDate"": ""2025-03-31"",
    ""type"": """",
    ""organization"": [
      ""TTPMTCS""
    ]
  }
}",0.0
1368,call_api,"{
  ""path"": ""/api/v1/dashboard/business-management/KD-061?summaryDate=2025-05-26&organizationCode=VTIT&targetCode=DT"",
  ""body"": {}
}",0.0
1278,call_api,"{
  ""path"": ""/api/v1/dashboard/investment-asset/DTTS-049"",
  ""body"": {
    ""fromDate"": ""2025-02-01"",
    ""toDate"": ""2025-02-28"",
    ""type"": """",
    ""organization"": [],
    ""dtmsClass"": """",
    ""procurementType"": ""0"",
    ""dtmsType"": ""CNTT""
  }
}",0.0
